,index,BVSP.Adjusted,N225.Adjusted,FTSE.Adjusted,GSPC.Adjusted,SSEC.Adjusted
1,2012/1/4,59365,8560.110352,5668.5,1277.300049,2169.389893
2,2012/1/5,58546,8488.709961,5624.299805,1281.060059,2148.451904
3,2012/1/6,58600,8390.349609,5649.700195,1277.810059,2163.39502
4,2012/1/10,59806,8422.259766,5696.700195,1292.079956,2285.743896
5,2012/1/11,59962,8447.879883,5670.799805,1292.47998,2276.045898
6,2012/1/12,59921,8385.589844,5662.399902,1295.5,2275.01001
7,2012/1/13,59147,8500.019531,5636.600098,1289.089966,2244.580078
8,2012/1/17,60646,8466.400391,5694,1293.670044,2298.375
9,2012/1/18,61723,8550.580078,5702.399902,1308.040039,2266.384033
10,2012/1/19,61927,8639.679688,5741.200195,1314.5,2296.074951
11,2012/1/20,62312,8766.360352,5728.600098,1315.380005,2319.11792
12,2012/1/30,62770,8793.049805,5671.100098,1313.01001,2285.038086
13,2012/1/31,63072,8802.509766,5681.600098,1312.410034,2292.610107
14,2012/2/1,64567,8809.790039,5790.700195,1324.089966,2268.080078
15,2012/2/2,64593,8876.820313,5796.100098,1325.540039,2312.555908
16,2012/2/3,65217,8831.929688,5901.100098,1344.900024,2330.405029
17,2012/2/6,65224,8929.200195,5892.200195,1344.329956,2331.135986
18,2012/2/7,65917,8917.519531,5890.299805,1347.050049,2291.9021
19,2012/2/8,65831,9015.589844,5875.899902,1349.959961,2347.530029
20,2012/2/9,65530,9002.240234,5895.5,1351.949951,2349.589111
21,2012/2/10,63998,8947.169922,5852.399902,1342.640015,2351.980957
22,2012/2/13,65692,8999.179688,5905.700195,1351.77002,2351.854004
23,2012/2/14,65039,9052.070313,5899.899902,1350.5,2344.770996
24,2012/2/15,65368,9260.339844,5892.200195,1343.22998,2366.701904
25,2012/2/16,66142,9238.099609,5885.399902,1358.040039,2356.860107
26,2012/2/17,66204,9384.169922,5905.100098,1361.22998,2357.180908
27,2012/2/23,65820,9595.570313,5937.899902,1363.459961,2409.553955
28,2012/2/24,65943,9647.379883,5935.100098,1365.73999,2439.626953
29,2012/2/27,65241,9633.929688,5915.600098,1367.589966,2447.056885
30,2012/2/28,65959,9722.519531,5927.899902,1372.180054,2451.856934
31,2012/2/29,65812,9723.240234,5871.5,1365.680054,2428.487061
32,2012/3/1,66810,9707.370117,5931.299805,1374.089966,2426.11499
33,2012/3/2,67782,9777.030273,5911.100098,1369.630005,2460.693115
34,2012/3/5,66964,9698.589844,5874.799805,1364.329956,2445.001953
35,2012/3/6,65114,9637.629883,5765.799805,1343.359985,2410.445068
36,2012/3/7,66017,9576.05957,5791.399902,1352.630005,2394.793945
37,2012/3/8,66908,9768.959961,5859.700195,1365.910034,2420.275879
38,2012/3/9,66704,9929.740234,5887.5,1370.869995,2439.461914
39,2012/3/12,66385,9889.860352,5892.799805,1371.089966,2434.85791
40,2012/3/13,68394,9899.080078,5955.899902,1395.949951,2455.793945
41,2012/3/14,68257,10050.51953,5945.399902,1394.280029,2391.22998
42,2012/3/15,67749,10123.28027,5940.700195,1402.599976,2373.773926
43,2012/3/16,67684,10129.83008,5965.600098,1404.170044,2404.736084
44,2012/3/19,67730,10141.99023,5961.100098,1409.75,2410.184082
45,2012/3/21,66860,10086.49023,5892,1402.890015,2378.195068
46,2012/3/22,65828,10127.08008,5845.700195,1392.780029,2375.771973
47,2012/3/23,65813,10011.46973,5854.899902,1397.109985,2349.539063
48,2012/3/26,66685,10018.24023,5902.700195,1416.51001,2350.599121
49,2012/3/27,66037,10255.15039,5869.600098,1412.52002,2347.178955
50,2012/3/28,65079,10182.57031,5809,1405.540039,2284.881104
51,2012/3/29,64872,10114.79004,5742,1403.280029,2252.159912
52,2012/3/30,64511,10083.55957,5768.5,1408.469971,2262.788086
53,2012/4/5,63691,9767.610352,5723.700195,1398.079956,2302.240967
54,2012/4/10,61738,9538.019531,5595.600098,1358.589966,2305.863037
55,2012/4/11,61293,9458.740234,5634.700195,1368.709961,2308.925049
56,2012/4/12,63058,9524.790039,5710.5,1387.569946,2350.864014
57,2012/4/13,62106,9637.990234,5651.799805,1370.26001,2359.160889
58,2012/4/16,61955,9470.639648,5666.299805,1369.569946,2357.025879
59,2012/4/17,62699,9464.709961,5767,1390.780029,2334.985107
60,2012/4/18,63010,9667.259766,5745.299805,1385.140015,2380.8479
61,2012/4/19,62618,9588.379883,5744.600098,1376.920044,2378.634033
62,2012/4/20,62494,9561.360352,5772.200195,1378.530029,2406.863037
63,2012/4/23,61539,9542.169922,5665.600098,1366.939941,2388.587891
64,2012/4/24,61971,9468.040039,5709.5,1371.969971,2388.833984
65,2012/4/25,61750,9561.009766,5718.899902,1390.689941,2406.812988
66,2012/4/26,62198,9561.830078,5748.700195,1399.97998,2404.697021
67,2012/4/27,61691,9520.889648,5777.100098,1403.359985,2396.315918
68,2012/5/2,62424,9380.25,5758.100098,1402.310059,2438.436035
69,2012/5/8,60365,9181.650391,5554.600098,1363.719971,2448.884033
70,2012/5/9,59786,9045.05957,5530.100098,1354.579956,2408.585938
71,2012/5/10,59702,9009.650391,5544,1357.98999,2410.229004
72,2012/5/11,59445,8953.30957,5575.5,1353.390015,2394.981934
73,2012/5/14,57540,8973.839844,5465.5,1338.349976,2380.725098
74,2012/5/15,56238,8900.740234,5437.600098,1330.660034,2374.843018
75,2012/5/16,55888,8801.169922,5405.299805,1324.800049,2346.191895
76,2012/5/17,54038,8876.589844,5338.399902,1304.859985,2378.885986
77,2012/5/18,54513,8611.30957,5267.600098,1295.219971,2344.520996
78,2012/5/21,56590,8633.889648,5304.5,1315.98999,2348.300049
79,2012/5/22,55039,8729.290039,5403.299805,1316.630005,2373.305908
80,2012/5/23,54619,8556.599609,5266.399902,1318.859985,2363.437012
81,2012/5/24,54063,8563.379883,5350.100098,1320.680054,2350.9729
82,2012/5/25,54463,8580.389648,5351.5,1317.819946,2333.552979
83,2012/5/29,54633,8657.080078,5391.100098,1332.420044,2389.635986
84,2012/5/30,53798,8633.19043,5297.299805,1313.319946,2384.667969
85,2012/5/31,54490,8542.730469,5320.899902,1310.329956,2372.233887
86,2012/6/1,53403,8440.25,5260.200195,1278.040039,2373.436035
87,2012/6/6,54156,8533.530273,5384.100098,1315.130005,2309.554932
88,2012/6/8,54430,8459.259766,5435.100098,1325.660034,2281.447021
89,2012/6/11,54001,8624.900391,5432.399902,1308.930054,2305.855957
90,2012/6/12,55049,8536.719727,5473.700195,1324.180054,2289.791016
91,2012/6/13,55651,8587.839844,5483.799805,1314.880005,2318.924072
92,2012/6/14,55352,8568.889648,5467.100098,1329.099976,2295.946045
93,2012/6/15,56105,8569.320313,5478.799805,1342.839966,2306.850098
94,2012/6/18,56195,8721.019531,5491.100098,1344.780029,2316.052002
95,2012/6/19,57195,8655.870117,5586.299805,1357.97998,2300.794922
96,2012/6/20,57167,8752.30957,5622.299805,1355.689941,2292.876953
97,2012/6/21,55505,8824.070313,5566.399902,1325.51001,2260.876953
98,2012/6/25,53805,8734.620117,5450.700195,1313.719971,2224.114014
99,2012/6/26,53837,8663.990234,5447,1319.98999,2222.066895
100,2012/6/27,53109,8730.490234,5523.899902,1331.849976,2216.934082
101,2012/6/28,52652,8874.110352,5493.100098,1329.040039,2195.843018
102,2012/6/29,54355,9006.780273,5571.200195,1362.160034,2225.429932
103,2012/7/2,54693,9003.480469,5640.600098,1365.51001,2226.110107
104,2012/7/3,55780,9066.589844,5687.700195,1374.02002,2229.191895
105,2012/7/5,56379,9079.799805,5692.600098,1367.579956,2201.353027
106,2012/7/6,55394,9020.75,5662.600098,1354.680054,2223.579102
107,2012/7/10,53706,8857.730469,5664.100098,1341.469971,2164.437988
108,2012/7/11,53569,8851,5664.5,1341.449951,2175.383057
109,2012/7/12,53421,8720.009766,5608.299805,1334.76001,2185.490967
110,2012/7/13,54331,8724.120117,5666.100098,1356.780029,2185.89502
111,2012/7/17,53909,8755,5629.100098,1363.670044,2161.186035
112,2012/7/18,54583,8726.740234,5685.799805,1372.780029,2169.099121
113,2012/7/19,55347,8795.549805,5714.200195,1376.51001,2184.841064
114,2012/7/20,54195,8669.870117,5651.799805,1362.660034,2168.637939
115,2012/7/23,53034,8508.320313,5533.899902,1350.52002,2141.4021
116,2012/7/24,52639,8488.089844,5499.200195,1338.310059,2146.587891
117,2012/7/25,52608,8365.900391,5498.299805,1337.890015,2136.150879
118,2012/7/26,54003,8443.099609,5573.200195,1360.02002,2126.003906
119,2012/7/27,56553,8566.639648,5627.200195,1385.969971,2128.764893
120,2012/7/30,57241,8635.44043,5693.600098,1385.300049,2109.914063
121,2012/7/31,56097,8695.05957,5635.299805,1379.319946,2103.63501
122,2012/8/1,55623,8641.849609,5712.799805,1375.319946,2123.360107
123,2012/8/2,55520,8653.179688,5662.299805,1365,2111.181885
124,2012/8/3,57255,8555.110352,5787.299805,1390.98999,2132.795898
125,2012/8/6,58345,8726.290039,5808.799805,1394.22998,2154.916016
126,2012/8/7,57726,8803.30957,5841.200195,1401.349976,2157.620117
127,2012/8/8,58951,8881.160156,5845.899902,1402.219971,2160.98999
128,2012/8/9,58797,8978.599609,5851.5,1402.800049,2174.102051
129,2012/8/10,59281,8891.44043,5847.100098,1405.869995,2168.813965
130,2012/8/13,59123,8885.150391,5831.899902,1404.109985,2136.077881
131,2012/8/14,58083,8929.879883,5864.799805,1403.930054,2142.523926
132,2012/8/15,58189,8925.040039,5833,1405.530029,2118.945068
133,2012/8/16,59446,9092.759766,5834.5,1415.51001,2112.197021
134,2012/8/17,59082,9162.5,5852.399902,1418.160034,2114.891113
135,2012/8/20,59283,9171.160156,5824.399902,1418.130005,2106.957031
136,2012/8/21,58918,9156.919922,5857.5,1413.170044,2118.268066
137,2012/8/22,59381,9131.740234,5774.200195,1413.48999,2107.710938
138,2012/8/23,58512,9178.120117,5776.600098,1402.079956,2113.072021
139,2012/8/24,58426,9070.759766,5776.600098,1411.130005,2092.104004
140,2012/8/28,58406,9033.290039,5775.700195,1409.300049,2073.154053
141,2012/8/29,57369,9069.80957,5743.5,1410.48999,2053.235107
142,2012/8/30,57256,8983.780273,5719.5,1399.47998,2052.584961
143,2012/8/31,57061,8839.910156,5711.5,1406.579956,2047.521973
144,2012/9/4,56234,8775.509766,5672,1404.939941,2043.649048
145,2012/9/5,56864,8679.820313,5657.899902,1403.439941,2037.68103
146,2012/9/6,58321,8680.570313,5777.299805,1432.119995,2051.917969
147,2012/9/10,58404,8869.370117,5793.200195,1429.079956,2134.893066
148,2012/9/11,59423,8807.379883,5792.200195,1433.560059,2120.553955
149,2012/9/12,59922,8959.959961,5782.100098,1436.560059,2126.553955
150,2012/9/13,61958,8995.150391,5819.899902,1459.98999,2110.378906
151,2012/9/14,62105,9159.389648,5915.600098,1465.77002,2123.846924
152,2012/9/18,61804,9123.769531,5868.200195,1459.319946,2059.542969
153,2012/9/19,61652,9232.209961,5888.5,1461.050049,2067.831055
154,2012/9/20,61688,9086.980469,5854.600098,1460.26001,2024.837036
155,2012/9/21,61320,9110,5852.600098,1460.150024,2026.689941
156,2012/9/24,61910,9069.290039,5838.799805,1456.890015,2033.192017
157,2012/9/25,60501,9091.540039,5859.700195,1441.589966,2029.292969
158,2012/9/26,60478,8906.700195,5768.100098,1433.319946,2004.171997
159,2012/9/27,60240,8949.870117,5779.399902,1447.150024,2056.322998
160,2012/9/28,59176,8870.160156,5742.100098,1440.670044,2086.168945
161,2012/10/9,58939,8769.589844,5810.299805,1441.47998,2115.229004
162,2012/10/10,58456,8596.230469,5776.700195,1432.560059,2119.941895
163,2012/10/11,59162,8546.780273,5829.799805,1432.839966,2102.86792
164,2012/10/15,59602,8577.929688,5805.600098,1440.130005,2098.702881
165,2012/10/16,59744,8701.30957,5870.5,1454.920044,2098.808105
166,2012/10/17,60087,8806.549805,5910.899902,1460.910034,2105.61792
167,2012/10/18,59734,8982.860352,5917.100098,1457.339966,2131.687988
168,2012/10/19,58922,9002.679688,5896.200195,1433.189941,2128.302002
169,2012/10/22,58700,9010.709961,5882.899902,1433.819946,2132.758057
170,2012/10/23,57690,9014.25,5797.899902,1413.109985,2114.447021
171,2012/10/24,57161,8954.299805,5804.799805,1408.75,2115.98999
172,2012/10/25,57837,9055.200195,5805.100098,1412.969971,2101.580078
173,2012/10/26,57277,8933.05957,5806.700195,1411.939941,2066.208984
174,2012/10/31,57068,8928.290039,5782.700195,1412.160034,2068.879883
175,2012/11/1,58383,8946.870117,5861.899902,1427.589966,2104.427002
176,2012/11/5,58210,9007.44043,5839.100098,1417.26001,2114.0271
177,2012/11/6,59459,8975.150391,5884.899902,1428.390015,2105.999023
178,2012/11/7,58517,8972.889648,5791.600098,1394.530029,2105.72998
179,2012/11/8,57524,8837.150391,5776.100098,1377.51001,2071.509033
180,2012/11/9,57358,8757.599609,5769.700195,1379.849976,2069.066895
181,2012/11/12,57064,8676.44043,5767.299805,1380.030029,2079.272949
182,2012/11/13,57486,8661.049805,5786.299805,1374.530029,2047.889038
183,2012/11/14,56279,8664.730469,5722,1355.48999,2055.418945
184,2012/11/16,55402,9024.160156,5605.600098,1359.880005,2014.724976
185,2012/11/19,56451,9153.200195,5737.700195,1386.890015,2016.982056
186,2012/11/21,56242,9222.519531,5752,1391.030029,2030.31897
187,2012/11/26,56737,9388.94043,5786.700195,1406.290039,2017.463989
188,2012/11/27,56248,9423.299805,5799.700195,1398.939941,1991.165039
189,2012/11/28,56539,9308.349609,5803.299805,1409.930054,1973.522949
190,2012/11/29,57853,9400.879883,5870.299805,1415.949951,1963.488037
191,2012/11/30,57475,9446.009766,5866.799805,1416.180054,1980.116943
192,2012/12/3,58202,9458.179688,5871.200195,1409.459961,1959.766968
193,2012/12/4,57563,9432.459961,5869,1407.050049,1975.142944
194,2012/12/5,57679,9468.839844,5892.100098,1409.280029,2031.906982
195,2012/12/6,57656,9545.160156,5901.399902,1413.939941,2029.237061
196,2012/12/7,58487,9527.389648,5914.399902,1418.069946,2061.785889
197,2012/12/10,59248,9533.75,5921.600098,1418.550049,2083.77002
198,2012/12/11,59623,9525.320313,5925,1427.839966,2074.704102
199,2012/12/12,59474,9581.459961,5945.899902,1428.47998,2082.726074
200,2012/12/13,59317,9742.730469,5929.600098,1419.449951,2061.476074
201,2012/12/14,59605,9737.55957,5921.799805,1413.579956,2150.625
202,2012/12/17,59567,9828.879883,5912.200195,1430.359985,2160.342041
203,2012/12/18,60461,9923.009766,5935.899902,1446.790039,2162.464111
204,2012/12/19,60998,10160.40039,5961.600098,1435.810059,2162.239014
205,2012/12/20,61276,10039.33008,5958.299805,1443.689941,2168.353027
206,2012/12/21,61007,9940.05957,5940,1430.150024,2153.310059
207,2012/12/27,60416,10322.98047,5954.299805,1418.099976,2205.896973
208,2012/12/28,60952,10395.17969,5925.399902,1402.430054,2233.251953
209,2013/1/4,62523,10688.11035,6089.799805,1466.469971,2276.991943
210,2013/1/7,61933,10599.00977,6064.600098,1461.890015,2285.364014
211,2013/1/8,61128,10508.05957,6053.600098,1457.150024,2276.070068
212,2013/1/9,61579,10578.57031,6098.700195,1461.02002,2275.340088
213,2013/1/10,61678,10652.63965,6101.5,1472.119995,2283.656982
214,2013/1/11,61497,10801.57031,6121.600098,1472.050049,2242.99707
215,2013/1/15,61728,10879.08008,6117.299805,1472.339966,2325.681885
216,2013/1/16,61787,10600.44043,6104,1472.630005,2309.499023
217,2013/1/17,62194,10609.63965,6132.399902,1480.939941,2284.908936
218,2013/1/18,61956,10913.29981,6154.399902,1485.97998,2317.070068
219,2013/1/22,61692,10709.92969,6179.200195,1492.560059,2315.138916
220,2013/1/23,61966,10486.99023,6197.600098,1494.810059,2320.910889
221,2013/1/24,61170,10620.87012,6264.899902,1494.819946,2302.5979
222,2013/1/28,60027,10824.30957,6294.399902,1500.180054,2346.504883
223,2013/1/29,60406,10866.71973,6339.200195,1507.839966,2358.977051
224,2013/1/30,59337,11113.9502,6323.100098,1501.959961,2382.475098
225,2013/1/31,59761,11138.66016,6276.899902,1498.109985,2385.422119
226,2013/2/1,60351,11191.33984,6347.200195,1513.170044,2419.02002
227,2013/2/4,59576,11260.34961,6246.799805,1495.709961,2428.154053
228,2013/2/5,59445,11046.91992,6282.799805,1511.290039,2433.129883
229,2013/2/6,58951,11463.75,6295.299805,1512.119995,2434.477051
230,2013/2/7,58372,11357.07031,6228.399902,1509.390015,2418.530029
231,2013/2/8,58498,11153.16016,6263.899902,1517.930054,2432.4021
232,2013/2/19,57314,11372.33984,6379.100098,1530.939941,2382.914063
233,2013/2/20,56178,11468.28027,6395.399902,1511.949951,2397.177979
234,2013/2/21,56155,11309.12988,6291.5,1502.420044,2325.950928
235,2013/2/22,56697,11385.94043,6335.700195,1515.599976,2314.164063
236,2013/2/25,56618,11662.51953,6355.399902,1487.849976,2325.819092
237,2013/2/26,56949,11398.80957,6270.399902,1496.939941,2293.341064
238,2013/2/27,57274,11253.96973,6325.899902,1515.98999,2313.219971
239,2013/2/28,57424,11559.36035,6360.799805,1514.680054,2365.593018
240,2013/3/1,56884,11606.37988,6378.600098,1518.199951,2359.506104
241,2013/3/4,56499,11652.29004,6345.600098,1525.199951,2273.404053
242,2013/3/5,55951,11683.4502,6432,1539.790039,2326.305908
243,2013/3/6,57940,11932.26953,6427.600098,1541.459961,2347.178955
244,2013/3/7,58847,11968.08008,6439.200195,1544.26001,2324.292969
245,2013/3/8,58433,12283.62012,6483.600098,1551.180054,2318.611084
246,2013/3/11,58545,12349.04981,6503.600098,1556.219971,2310.593018
247,2013/3/12,58209,12314.80957,6510.600098,1552.47998,2286.60498
248,2013/3/13,57386,12239.66016,6481.5,1554.52002,2263.968018
249,2013/3/14,57281,12381.19043,6529.399902,1563.22998,2270.2771
250,2013/3/15,56869,12560.9502,6489.700195,1560.699951,2278.400879
251,2013/3/18,56973,12220.62988,6457.899902,1552.099976,2240.016113
252,2013/3/19,56361,12468.23047,6441.299805,1548.339966,2257.434082
253,2013/3/21,55577,12635.69043,6388.600098,1545.800049,2324.241943
254,2013/3/22,55243,12338.53027,6392.799805,1556.890015,2328.278076
255,2013/3/25,54873,12546.45996,6378.399902,1551.689941,2326.715088
256,2013/3/26,55671,12471.62012,6399.399902,1563.77002,2297.668945
257,2013/3/27,56034,12493.79004,6387.600098,1562.849976,2301.26001
258,2013/3/28,56352,12335.95996,6411.700195,1569.189941,2236.302002
259,2013/4/2,54889,12003.42969,6490.700195,1570.25,2227.73999
260,2013/4/3,55563,12362.2002,6420.299805,1553.689941,2225.294922
261,2013/4/8,55092,13192.58984,6276.899902,1563.069946,2211.592041
262,2013/4/9,55912,13192.34961,6313.200195,1568.609985,2225.773926
263,2013/4/10,56187,13288.12988,6387.399902,1587.72998,2226.125977
264,2013/4/11,55401,13549.16016,6416.100098,1593.369995,2219.552979
265,2013/4/12,54963,13485.13965,6384.399902,1588.849976,2206.780029
266,2013/4/15,52950,13275.66016,6343.600098,1552.359985,2181.940918
267,2013/4/16,53991,13221.44043,6304.600098,1574.569946,2194.844971
268,2013/4/17,52882,13382.88965,6244.200195,1552.01001,2193.795898
269,2013/4/18,53166,13220.07031,6243.700195,1541.609985,2197.602051
270,2013/4/19,53929,13316.48047,6286.600098,1555.25,2244.643066
271,2013/4/22,54298,13568.37012,6280.600098,1562.5,2242.168945
272,2013/4/23,54885,13529.65039,6406.100098,1578.780029,2184.538086
273,2013/4/24,54984,13843.45996,6431.799805,1578.790039,2218.318115
274,2013/4/25,54963,13926.08008,6442.600098,1585.160034,2199.306885
275,2013/4/26,54252,13884.12988,6426.399902,1582.23999,2177.912109
276,2013/5/2,55322,13694.04004,6460.700195,1597.589966,2174.123047
277,2013/5/7,56275,14180.24023,6557.299805,1625.959961,2235.574951
278,2013/5/8,55805,14285.69043,6583.5,1632.689941,2246.300049
279,2013/5/9,55448,14191.48047,6592.700195,1626.670044,2232.970947
280,2013/5/10,55108,14607.54004,6625,1633.699951,2246.831055
281,2013/5/13,54448,14782.20996,6631.799805,1633.77002,2241.919922
282,2013/5/14,54667,14758.41992,6686.100098,1650.339966,2217.01001
283,2013/5/15,54936,15096.03027,6693.600098,1658.780029,2224.797119
284,2013/5/16,54773,15037.24023,6687.799805,1650.469971,2251.804932
285,2013/5/17,55164,15138.12012,6723.100098,1667.469971,2282.870117
286,2013/5/20,55701,15360.80957,6755.600098,1666.290039,2299.986084
287,2013/5/21,56265,15381.01953,6803.899902,1669.160034,2305.114014
288,2013/5/22,56429,15627.25977,6840.299805,1655.349976,2302.403076
289,2013/5/23,56350,14483.98047,6696.799805,1650.51001,2275.666992
290,2013/5/24,56406,14612.4502,6654.299805,1649.599976,2288.531982
291,2013/5/28,56036,14311.98047,6762,1660.060059,2321.318115
292,2013/5/29,54635,14326.45996,6627.200195,1648.359985,2324.01709
293,2013/5/31,53506,13774.54004,6583.100098,1630.73999,2300.594971
294,2013/6/3,53944,13261.82031,6525.100098,1640.420044,2299.251953
295,2013/6/4,54018,13533.75977,6558.600098,1631.380005,2272.416992
296,2013/6/5,52799,13014.87012,6419.299805,1608.900024,2270.929932
297,2013/6/6,52885,12904.01953,6336.100098,1622.560059,2242.110107
298,2013/6/7,51619,12877.53027,6412,1643.380005,2210.897949
299,2013/6/13,50415,12445.37988,6304.600098,1636.359985,2148.35498
300,2013/6/14,49332,12686.51953,6308.299805,1626.72998,2162.041016
301,2013/6/17,49089,13033.12012,6330.5,1639.040039,2156.215088
302,2013/6/18,49465,13007.28027,6374.200195,1651.810059,2159.291016
303,2013/6/19,47893,13245.21973,6348.799805,1628.930054,2143.454102
304,2013/6/20,48214,13014.58008,6159.5,1588.189941,2084.020996
305,2013/6/21,47056,13230.12988,6116.200195,1592.430054,2073.094971
306,2013/6/24,45965,13062.78027,6029.100098,1573.089966,1963.234985
307,2013/6/25,46893,12969.33984,6101.899902,1588.030029,1959.508057
308,2013/6/26,47172,12834.00977,6165.5,1603.26001,1951.494995
309,2013/6/27,47609,13213.54981,6243.399902,1613.199951,1950.011963
310,2013/6/28,47457,13677.32031,6215.5,1606.280029,1979.206055
311,2013/7/1,47230,13852.5,6307.799805,1614.959961,1995.241943
312,2013/7/2,45229,14098.74023,6303.899902,1614.079956,2006.560059
313,2013/7/3,45044,14055.55957,6229.899902,1615.410034,1994.267944
314,2013/7/5,45210,14309.96973,6375.5,1631.890015,2007.198975
315,2013/7/8,45076,14109.33984,6450.100098,1640.459961,1958.272949
316,2013/7/10,45483,14416.59961,6505,1652.619995,2008.125977
317,2013/7/11,46626,14472.58008,6543.399902,1675.02002,2072.990967
318,2013/7/12,45533,14506.25,6544.899902,1680.189941,2039.485962
319,2013/7/16,46869,14599.12012,6556.399902,1676.26001,2065.719971
320,2013/7/17,47407,14615.04004,6571.899902,1680.910034,2044.921997
321,2013/7/18,47657,14808.5,6634.399902,1689.369995,2023.395996
322,2013/7/19,47400,14589.91016,6630.700195,1692.089966,1992.647949
323,2013/7/22,48574,14658.04004,6623.200195,1695.530029,2004.761963
324,2013/7/23,48820,14778.50977,6597.399902,1692.390015,2043.875977
325,2013/7/24,48374,14731.28027,6620.399902,1685.939941,2033.328979
326,2013/7/25,49067,14562.92969,6588,1690.25,2021.17395
327,2013/7/26,49422,14129.98047,6554.799805,1691.650024,2010.849976
328,2013/7/29,49212,13661.12988,6560.299805,1685.329956,1976.30603
329,2013/7/30,48562,13869.82031,6571,1685.959961,1990.063965
330,2013/7/31,48234,13668.32031,6621.100098,1685.72998,1993.79895
331,2013/8/1,49141,14005.76953,6682,1706.869995,2029.067017
332,2013/8/2,48474,14466.16016,6647.899902,1709.670044,2029.417969
333,2013/8/5,48436,14258.04004,6619.600098,1707.140015,2050.480957
334,2013/8/6,47422,14401.05957,6604.200195,1697.369995,2060.5
335,2013/8/7,47447,13824.94043,6511.200195,1690.910034,2046.777954
336,2013/8/8,48929,13605.55957,6529.700195,1697.47998,2044.89502
337,2013/8/9,49875,13615.19043,6583.399902,1691.420044,2052.235107
338,2013/8/12,50299,13519.42969,6574.299805,1689.469971,2101.282959
339,2013/8/13,50601,13867,6611.899902,1694.160034,2106.156006
340,2013/8/14,50896,14050.16016,6587.399902,1685.390015,2100.136963
341,2013/8/15,50908,13752.94043,6483.299805,1661.319946,2081.879883
342,2013/8/16,51539,13650.11035,6500,1655.829956,2068.451904
343,2013/8/19,51574,13758.12988,6465.700195,1646.060059,2085.602051
344,2013/8/20,50507,13396.37988,6453.5,1652.349976,2072.594971
345,2013/8/21,50405,13424.33008,6390.799805,1642.800049,2072.960938
346,2013/8/22,51398,13365.16992,6446.899902,1656.959961,2067.124023
347,2013/8/23,52197,13660.54981,6492.100098,1663.5,2057.458008
348,2013/8/27,50092,13542.37012,6441,1630.47998,2103.565918
349,2013/8/28,49867,13338.45996,6430.100098,1634.959961,2101.301025
350,2013/8/29,49922,13459.70996,6483.100098,1638.170044,2097.227051
351,2013/8/30,50008,13388.86035,6412.899902,1632.969971,2098.38208
352,2013/9/3,51626,13978.44043,6468.399902,1639.77002,2123.112061
353,2013/9/4,51716,14053.87012,6474.700195,1653.079956,2127.61792
354,2013/9/5,52352,14064.82031,6532.399902,1655.079956,2122.429932
355,2013/9/6,53749,13860.80957,6547.299805,1655.170044,2139.99292
356,2013/9/9,54252,14205.23047,6530.700195,1671.709961,2212.516113
357,2013/9/10,53979,14423.36035,6584,1683.98999,2237.983887
358,2013/9/11,53570,14425.07031,6588.399902,1689.130005,2241.268066
359,2013/9/12,53307,14387.26953,6589,1683.420044,2255.604004
360,2013/9/13,53798,14404.66992,6583.799805,1687.98999,2236.217041
361,2013/9/17,54271,14311.66992,6570.200195,1704.76001,2185.560059
362,2013/9/18,55703,14505.36035,6558.799805,1725.52002,2191.851074
363,2013/9/24,54431,14732.61035,6571.5,1697.420044,2207.531006
364,2013/9/25,54261,14620.53027,6551.5,1692.77002,2198.514893
365,2013/9/26,53783,14799.12012,6565.600098,1698.670044,2155.809082
366,2013/9/27,53739,14760.07031,6512.700195,1691.75,2160.0271
367,2013/9/30,52338,14455.79981,6462.200195,1681.550049,2174.665039
368,2013/10/8,52312,13894.61035,6365.799805,1655.449951,2198.198975
369,2013/10/9,52548,14037.83984,6337.899902,1656.400024,2211.769043
370,2013/10/10,52997,14194.70996,6430.5,1692.560059,2190.928955
371,2013/10/11,53150,14404.74023,6487.200195,1703.199951,2228.145996
372,2013/10/15,54981,14441.54004,6549.100098,1698.060059,2233.412109
373,2013/10/16,55973,14467.13965,6571.600098,1721.540039,2193.073975
374,2013/10/17,55358,14586.50977,6576.200195,1733.150024,2188.541992
375,2013/10/18,55378,14561.54004,6622.600098,1744.5,2193.780029
376,2013/10/21,56077,14693.57031,6654.200195,1744.660034,2229.237061
377,2013/10/22,56460,14713.25,6695.700195,1754.670044,2210.6521
378,2013/10/23,55440,14426.04981,6674.5,1746.380005,2183.106934
379,2013/10/24,54877,14486.41016,6713.200195,1752.069946,2164.322021
380,2013/10/25,54154,14088.19043,6721.299805,1759.77002,2132.955078
381,2013/10/28,55073,14396.04004,6725.799805,1762.109985,2133.868896
382,2013/10/29,54539,14325.98047,6774.700195,1771.949951,2128.864014
383,2013/10/30,54173,14502.34961,6777.700195,1763.310059,2160.462891
384,2013/10/31,54256,14327.94043,6731.399902,1756.540039,2141.614014
385,2013/11/1,54013,14201.57031,6734.700195,1761.640015,2149.562012
386,2013/11/5,53832,14225.37012,6746.799805,1762.969971,2157.23999
387,2013/11/6,53385,14337.30957,6741.700195,1770.48999,2139.606934
388,2013/11/7,52741,14228.44043,6697.200195,1747.150024,2129.399902
389,2013/11/8,52249,14086.79981,6708.399902,1770.609985,2106.126953
390,2013/11/11,52624,14269.83984,6728.399902,1771.890015,2109.470947
391,2013/11/12,51804,14588.67969,6726.799805,1767.689941,2126.771973
392,2013/11/13,52230,14567.16016,6630,1782,2087.940918
393,2013/11/14,53452,14876.41016,6666.100098,1790.619995,2100.506104
394,2013/11/18,54307,15164.29981,6723.5,1791.530029,2197.218994
395,2013/11/19,53033,15126.55957,6698,1787.869995,2193.125
396,2013/11/21,52688,15365.59961,6681.299805,1795.849976,2205.766113
397,2013/11/22,52801,15381.71973,6674.299805,1804.76001,2196.37793
398,2013/11/25,52264,15619.12988,6694.600098,1802.47998,2186.11499
399,2013/11/26,51447,15515.24023,6636.200195,1802.75,2183.072998
400,2013/11/27,51861,15449.62988,6649.5,1807.22998,2201.070068
401,2013/11/29,52482,15661.87012,6650.600098,1805.810059,2220.503906
402,2013/12/2,51245,15655.07031,6595.299805,1800.900024,2207.371094
403,2013/12/3,50349,15749.66016,6532.399902,1795.150024,2222.669922
404,2013/12/4,50216,15407.94043,6510,1792.810059,2251.761963
405,2013/12/5,50788,15177.49023,6498.299805,1785.030029,2247.062988
406,2013/12/6,50944,15299.86035,6552,1805.089966,2237.10791
407,2013/12/9,51165,15650.20996,6559.5,1808.369995,2238.199951
408,2013/12/10,50993,15611.30957,6523.299805,1802.619995,2237.491943
409,2013/12/11,50068,15515.05957,6507.700195,1782.219971,2204.166016
410,2013/12/12,50122,15341.82031,6445.299805,1775.5,2202.795898
411,2013/12/13,50051,15403.11035,6440,1775.319946,2196.074951
412,2013/12/16,50280,15152.91016,6522.200195,1786.540039,2160.861084
413,2013/12/17,50090,15278.62988,6486.200195,1781,2151.079102
414,2013/12/18,50563,15587.79981,6492.100098,1810.650024,2148.284912
415,2013/12/19,50819,15859.21973,6584.700195,1809.599976,2127.791992
416,2013/12/20,51186,15870.41992,6606.600098,1818.319946,2084.793945
417,2013/12/27,51267,16178.94043,6750.899902,1841.400024,2101.250977
418,2013/12/30,51507,16291.30957,6731.299805,1841.069946,2097.529053
419,2014/1/6,50974,15908.87988,6730.700195,1826.77002,2045.708984
420,2014/1/7,50430,15814.37012,6755.5,1837.880005,2047.317017
421,2014/1/8,50577,16121.4502,6721.799805,1837.48999,2044.339966
422,2014/1/9,49322,15880.33008,6691.299805,1838.130005,2027.621948
423,2014/1/10,49696,15912.05957,6739.899902,1842.369995,2013.297974
424,2014/1/14,49703,15422.40039,6766.899902,1838.880005,2026.842041
425,2014/1/15,50105,15808.73047,6819.899902,1848.380005,2023.348022
426,2014/1/16,49696,15747.2002,6815.399902,1845.890015,2023.70105
427,2014/1/17,49182,15734.45996,6829.299805,1838.699951,2004.948975
428,2014/1/21,48542,15795.95996,6834.299805,1843.800049,2008.312988
429,2014/1/22,49300,15820.95996,6826.299805,1844.859985,2051.749023
430,2014/1/23,48321,15695.88965,6773.299805,1828.459961,2042.180054
431,2014/1/24,47787,15391.55957,6663.700195,1790.290039,2054.39209
432,2014/1/27,47701,15005.73047,6550.700195,1781.560059,2033.300049
433,2014/1/28,47841,14980.16016,6572.299805,1792.5,2038.512939
434,2014/1/29,47557,15383.91016,6544.299805,1774.199951,2049.914063
435,2014/1/30,47244,15007.05957,6538.5,1794.189941,2033.083008
436,2014/2/7,48074,14462.41016,6571.700195,1797.02002,2044.496948
437,2014/2/10,47711,14718.33984,6591.600098,1799.839966,2086.066895
438,2014/2/12,48217,14800.05957,6675,1819.26001,2109.955078
439,2014/2/13,47813,14534.74023,6659.399902,1829.829956,2098.400879
440,2014/2/14,48201,14313.03027,6663.600098,1838.630005,2115.8479
441,2014/2/18,46600,14843.24023,6796.399902,1840.76001,2119.065918
442,2014/2/19,47151,14766.53027,6796.700195,1828.75,2142.553955
443,2014/2/20,47289,14449.17969,6813,1839.780029,2138.781982
444,2014/2/21,47380,14865.66992,6838.100098,1836.25,2113.693115
445,2014/2/24,47394,14837.67969,6865.899902,1847.609985,2076.686035
446,2014/2/25,46716,15051.59961,6830.5,1845.119995,2034.218994
447,2014/2/26,46599,14970.96973,6799.200195,1845.160034,2041.254028
448,2014/2/27,47607,14923.11035,6810.299805,1854.290039,2047.354004
449,2014/2/28,47094,14841.07031,6809.700195,1859.449951,2056.302002
450,2014/3/5,46589,14897.62988,6775.399902,1873.810059,2053.083984
451,2014/3/6,47093,15134.75,6788.5,1877.030029,2059.577881
452,2014/3/7,46244,15274.07031,6712.700195,1878.040039,2057.907959
453,2014/3/10,45533,15120.13965,6689.5,1877.170044,1999.064941
454,2014/3/11,45698,15224.11035,6685.5,1867.630005,2001.156982
455,2014/3/12,45862,14830.38965,6620.899902,1868.199951,1997.692017
456,2014/3/13,45444,14815.98047,6553.799805,1846.339966,2019.110962
457,2014/3/14,44966,14327.66016,6527.899902,1841.130005,2004.338989
458,2014/3/17,45118,14277.66992,6568.399902,1858.829956,2023.672974
459,2014/3/18,46151,14411.26953,6605.299805,1872.25,2025.196045
460,2014/3/19,46567,14462.51953,6573.100098,1860.77002,2021.734009
461,2014/3/20,47279,14224.23047,6542.399902,1872.01001,1993.479004
462,2014/3/24,47993,14475.29981,6520.399902,1857.439941,2066.279053
463,2014/3/25,48180,14423.19043,6604.899902,1865.619995,2067.311035
464,2014/3/26,47966,14477.16016,6605.299805,1852.560059,2063.669922
465,2014/3/27,49647,14622.88965,6588.299805,1849.040039,2046.588013
466,2014/3/28,49768,14696.03027,6615.600098,1857.619995,2041.712036
467,2014/3/31,50415,14827.83008,6598.399902,1872.339966,2033.30603
468,2014/4/1,50270,14791.99023,6652.600098,1885.52002,2047.459961
469,2014/4/2,51701,14946.32031,6659,1890.900024,2058.988037
470,2014/4/3,51408,15071.87988,6649.100098,1888.77002,2043.702026
471,2014/4/4,51082,15063.76953,6695.600098,1865.089966,2058.831055
472,2014/4/8,51629,14606.87988,6590.700195,1851.959961,2098.283936
473,2014/4/9,51185,14299.69043,6635.600098,1872.180054,2105.237061
474,2014/4/10,51128,14300.12012,6642,1833.079956,2134.300049
475,2014/4/11,51867,13960.04981,6561.700195,1815.689941,2130.541992
476,2014/4/14,51597,13910.16016,6583.799805,1830.609985,2131.539063
477,2014/4/15,50454,13996.80957,6541.600098,1842.97998,2101.601074
478,2014/4/16,51201,14417.67969,6584.200195,1862.310059,2105.12207
479,2014/4/17,52111,14417.53027,6625.299805,1864.849976,2098.88501
480,2014/4/22,51977,14388.76953,6681.799805,1879.550049,2072.831055
481,2014/4/23,51570,14546.26953,6674.700195,1875.390015,2067.38208
482,2014/4/24,51817,14404.99023,6703,1878.609985,2057.032959
483,2014/4/25,51399,14429.25977,6685.700195,1863.400024,2036.519043
484,2014/4/28,51384,14288.23047,6700.200195,1869.430054,2003.487061
485,2014/4/30,51627,14304.11035,6780,1883.949951,2026.358032
486,2014/5/7,54053,14033.4502,6796.399902,1878.209961,2010.083008
487,2014/5/8,53422,14163.78027,6839.299805,1875.630005,2015.274048
488,2014/5/9,53100,14199.58984,6814.600098,1878.47998,2011.13501
489,2014/5/12,54053,14149.51953,6851.799805,1896.650024,2052.871094
490,2014/5/13,53907,14425.44043,6873.100098,1897.449951,2050.728027
491,2014/5/14,54413,14405.75977,6878.5,1888.530029,2047.910034
492,2014/5/15,53856,14298.20996,6840.899902,1870.849976,2024.973999
493,2014/5/16,53976,14096.58984,6855.799805,1877.859985,2026.504028
494,2014/5/19,53353,14006.44043,6844.600098,1885.079956,2005.182983
495,2014/5/20,52366,14075.25,6802,1872.829956,2008.119019
496,2014/5/21,52203,14042.16992,6821,1888.030029,2024.95105
497,2014/5/22,52806,14337.79004,6820.600098,1892.48999,2021.285034
498,2014/5/23,52626,14462.16992,6815.799805,1900.530029,2034.56897
499,2014/5/27,52174,14636.51953,6844.899902,1911.910034,2034.564941
500,2014/5/28,52640,14670.9502,6851.200195,1909.780029,2050.228027
501,2014/5/29,52239,14681.71973,6871.299805,1920.030029,2040.594971
502,2014/5/30,51239,14632.37988,6844.5,1923.569946,2039.212036
503,2014/6/3,52032,15034.25,6836.299805,1924.23999,2038.305054
504,2014/6/4,51833,15067.95996,6818.600098,1927.880005,2024.833984
505,2014/6/5,51559,15079.37012,6813.5,1940.459961,2040.878052
506,2014/6/6,53129,15077.24023,6858.200195,1949.439941,2029.956055
507,2014/6/9,54273,15124,6875,1951.27002,2030.501953
508,2014/6/10,54604,14994.79981,6873.600098,1950.790039,2052.531982
509,2014/6/11,55102,15069.48047,6838.899902,1943.890015,2054.947998
510,2014/6/13,54807,15097.83984,6777.899902,1936.160034,2070.715088
511,2014/6/16,54630,14933.29004,6754.600098,1937.780029,2085.98291
512,2014/6/17,54300,14975.96973,6766.799805,1941.98999,2066.697998
513,2014/6/18,55202,15115.79981,6778.600098,1956.97998,2055.519043
514,2014/6/20,54638,15349.41992,6825.200195,1962.869995,2026.67395
515,2014/6/23,54210,15369.28027,6800.600098,1962.609985,2024.36499
516,2014/6/24,54281,15376.24023,6787.100098,1949.97998,2033.93103
517,2014/6/25,53426,15266.61035,6733.600098,1959.530029,2025.501953
518,2014/6/26,53507,15308.49023,6735.100098,1957.219971,2038.677002
519,2014/6/27,53157,15095,6757.799805,1960.959961,2036.51001
520,2014/6/30,53168,15162.09961,6743.899902,1960.22998,2048.326904
521,2014/7/1,53172,15326.2002,6802.899902,1973.319946,2050.381104
522,2014/7/2,53029,15369.96973,6816.399902,1974.619995,2059.417969
523,2014/7/3,53875,15348.29004,6865.200195,1985.439941,2063.229004
524,2014/7/7,53802,15379.44043,6823.5,1977.650024,2059.927002
525,2014/7/8,53634,15314.41016,6738.5,1963.709961,2064.020996
526,2014/7/10,54593,15216.46973,6672.399902,1964.680054,2038.342041
527,2014/7/11,54786,15164.04004,6690.200195,1967.569946,2046.96106
528,2014/7/14,55744,15296.82031,6746.100098,1977.099976,2066.645996
529,2014/7/15,55974,15395.16016,6710.5,1973.280029,2070.356934
530,2014/7/16,55717,15379.29981,6784.700195,1981.569946,2067.275879
531,2014/7/17,55638,15370.25977,6738.299805,1958.119995,2055.591064
532,2014/7/18,57013,15215.70996,6749.5,1978.219971,2059.066895
533,2014/7/22,57983,15343.28027,6795.299805,1983.530029,2075.480957
534,2014/7/23,57420,15328.55957,6798.200195,1987.01001,2078.489014
535,2014/7/24,57978,15284.41992,6821.5,1987.97998,2105.062012
536,2014/7/25,57821,15457.87012,6791.600098,1978.339966,2126.614014
537,2014/7/28,57696,15529.40039,6788.100098,1978.910034,2177.947998
538,2014/7/29,57119,15618.07031,6807.799805,1969.949951,2183.191895
539,2014/7/30,56878,15646.23047,6773.399902,1970.069946,2181.24292
540,2014/7/31,55829,15620.76953,6730.100098,1930.670044,2201.562012
541,2014/8/1,55903,15523.11035,6679.200195,1925.150024,2185.302979
542,2014/8/4,56616,15474.5,6677.5,1938.98999,2223.331055
543,2014/8/5,56202,15320.30957,6682.5,1920.209961,2219.945068
544,2014/8/6,56487,15159.79004,6636.200195,1920.23999,2217.465088
545,2014/8/7,56188,15232.37012,6597.399902,1909.569946,2187.668945
546,2014/8/8,55573,14778.37012,6567.399902,1931.589966,2194.425049
547,2014/8/11,56613,15130.51953,6632.799805,1936.920044,2224.654053
548,2014/8/12,56442,15161.30957,6632.399902,1933.75,2221.594971
549,2014/8/13,55581,15213.62988,6656.700195,1946.719971,2222.876953
550,2014/8/14,55780,15314.57031,6685.299805,1955.180054,2206.466064
551,2014/8/15,56964,15318.33984,6689.100098,1955.060059,2226.733887
552,2014/8/18,57561,15322.59961,6741.299805,1971.73999,2239.466064
553,2014/8/19,58449,15449.79004,6779.299805,1981.599976,2245.330078
554,2014/8/20,58878,15454.4502,6755.5,1986.51001,2240.210938
555,2014/8/21,58992,15586.2002,6777.700195,1992.369995,2230.458008
556,2014/8/22,58407,15539.19043,6775.299805,1988.400024,2240.812012
557,2014/8/26,59821,15521.21973,6822.799805,2000.02002,2207.105957
558,2014/8/27,60951,15534.82031,6830.700195,2000.119995,2209.465088
559,2014/8/28,60291,15459.86035,6805.799805,1996.73999,2195.818115
560,2014/8/29,61288,15424.58984,6819.799805,2003.369995,2217.199951
561,2014/9/2,61896,15668.59961,6829.200195,2002.280029,2266.045898
562,2014/9/3,61837,15728.34961,6873.600098,2000.719971,2288.626953
563,2014/9/4,60800,15676.17969,6878,1997.650024,2306.862061
564,2014/9/5,60682,15668.67969,6855.100098,2007.709961,2326.431885
565,2014/9/9,58676,15749.15039,6829,1988.439941,2326.5271
566,2014/9/10,58199,15788.78027,6830.100098,1995.689941,2318.304932
567,2014/9/11,58337,15909.2002,6799.600098,1997.449951,2311.678955
568,2014/9/12,56928,15948.29004,6807,1985.540039,2331.949951
569,2014/9/16,59115,15911.53027,6792.200195,1998.97998,2296.554932
570,2014/9/17,59108,15888.66992,6780.899902,2001.569946,2307.893066
571,2014/9/18,58375,16067.57031,6819.299805,2011.359985,2315.927979
572,2014/9/19,57789,16321.16992,6837.899902,2010.400024,2329.450928
573,2014/9/22,56818,16205.90039,6773.600098,1994.290039,2289.865967
574,2014/9/24,56824,16167.4502,6706.299805,1998.300049,2343.574951
575,2014/9/25,55962,16374.13965,6639.700195,1965.98999,2345.103027
576,2014/9/26,57212,16229.86035,6649.399902,1982.849976,2347.718018
577,2014/9/29,54625,16310.63965,6646.600098,1977.800049,2357.710938
578,2014/9/30,54116,16173.51953,6622.700195,1972.290039,2363.870117
579,2014/10/8,57059,15595.98047,6482.200195,1968.890015,2382.793945
580,2014/10/9,57268,15478.92969,6431.899902,1928.209961,2389.371094
581,2014/10/10,55311,15300.54981,6340,1906.130005,2374.540039
582,2014/10/14,58015,14936.50977,6392.700195,1877.699951,2359.475098
583,2014/10/15,56135,15073.51953,6211.600098,1862.48999,2373.669922
584,2014/10/16,54298,14738.37988,6195.899902,1862.76001,2356.499023
585,2014/10/17,55724,14532.50977,6310.299805,1886.76001,2341.184082
586,2014/10/20,54303,15111.23047,6267.100098,1904.01001,2356.728027
587,2014/10/21,52432,14804.28027,6372.299805,1941.280029,2339.656982
588,2014/10/22,52411,15195.76953,6399.700195,1927.109985,2326.552979
589,2014/10/23,50713,15138.95996,6419.200195,1950.819946,2302.417969
590,2014/10/24,51941,15291.63965,6388.700195,1964.579956,2302.280029
591,2014/10/27,50504,15388.71973,6363.5,1961.630005,2290.437012
592,2014/10/28,52330,15329.91016,6402.200195,1985.050049,2337.871094
593,2014/10/29,51049,15553.91016,6453.899902,1982.300049,2373.030029
594,2014/10/30,52337,15658.2002,6463.600098,1994.650024,2391.075928
595,2014/10/31,54629,16413.75977,6546.5,2018.050049,2420.177979
596,2014/11/4,54384,16862.4707,6454,2012.099976,2430.737061
597,2014/11/5,53698,16937.32031,6539.100098,2023.569946,2420.395996
598,2014/11/6,52637,16792.48047,6551.200195,2031.209961,2425.809082
599,2014/11/7,53223,16880.38086,6567.200195,2031.920044,2419.145996
600,2014/11/10,52725,16780.5293,6611.299805,2038.26001,2473.183105
601,2014/11/11,52474,17124.10938,6627.399902,2039.680054,2470.594971
602,2014/11/12,52979,17197.05078,6611,2038.25,2494.275879
603,2014/11/13,51846,17392.78906,6635.5,2039.329956,2486.669922
604,2014/11/14,51772,17490.83008,6654.399902,2039.819946,2479.185059
605,2014/11/17,51257,16973.80078,6672,2041.319946,2475.120117
606,2014/11/18,52062,17344.06055,6709.100098,2051.800049,2457.529053
607,2014/11/19,53402,17288.75,6696.600098,2048.719971,2451.166992
608,2014/11/21,56084,17357.50977,6750.799805,2063.5,2487.111084
609,2014/11/25,55561,17407.61914,6731.100098,2067.030029,2567.596924
610,2014/11/26,55098,17383.58008,6729.200195,2072.830078,2604.886963
611,2014/11/28,54664,17459.84961,6722.600098,2067.560059,2682.918945
612,2014/12/1,52277,17590.09961,6656.399902,2053.439941,2680.73999
613,2014/12/2,51612,17663.2207,6742.100098,2066.550049,2763.316895
614,2014/12/3,52320,17720.42969,6716.600098,2074.330078,2779.736084
615,2014/12/4,51427,17887.21094,6679.399902,2071.919922,2900.362061
616,2014/12/5,51992,17920.44922,6742.799805,2075.370117,2938.781006
617,2014/12/8,50274,17935.64063,6672.200195,2060.310059,3021.523926
618,2014/12/9,50193,17813.38086,6529.5,2059.820068,2859.918945
619,2014/12/10,49548,17412.58008,6500,2026.140015,2940.876953
620,2014/12/11,49861,17257.40039,6461.700195,2035.329956,2925.74292
621,2014/12/12,48002,17371.58008,6300.600098,2002.329956,2938.173096
622,2014/12/15,47019,17099.40039,6182.700195,1989.630005,2953.420898
623,2014/12/16,47008,16755.32031,6331.799805,1972.73999,3021.518066
624,2014/12/17,48714,16819.73047,6336.5,2012.890015,3061.02002
625,2014/12/18,48496,17210.05078,6466,2061.22998,3057.520996
626,2014/12/19,49651,17621.40039,6545.299805,2070.649902,3108.595947
627,2014/12/22,50121,17635.14063,6576.700195,2078.540039,3127.445068
628,2014/12/29,50594,17729.83984,6633.5,2090.570068,3168.016113
629,2014/12/30,50007,17450.76953,6547,2080.350098,3165.814941
630,2015/1/5,47517,17408.71094,6417.200195,2020.579956,3350.519043
631,2015/1/6,48001,16883.18945,6366.5,2002.609985,3351.446045
632,2015/1/7,49463,16885.33008,6419.799805,2025.900024,3373.954102
633,2015/1/8,49943,17167.09961,6570,2062.139893,3293.456055
634,2015/1/9,48840,17197.73047,6501.100098,2044.810059,3285.412109
635,2015/1/13,48042,17087.71094,6542.200195,2023.030029,3235.301025
636,2015/1/14,47646,16795.96094,6388.5,2011.27002,3222.437012
637,2015/1/15,48026,17108.69922,6498.799805,1992.670044,3336.455078
638,2015/1/16,49017,16864.16016,6550.299805,2019.420044,3376.495117
639,2015/1/20,47877,17366.30078,6620.100098,2022.550049,3173.052002
640,2015/1/21,49224,17280.48047,6728,2032.119995,3323.611084
641,2015/1/22,49443,17329.01953,6796.600098,2063.149902,3343.343994
642,2015/1/23,48775,17511.75,6832.799805,2051.820068,3351.763916
643,2015/1/26,48577,17468.51953,6852.399902,2057.090088,3383.181885
644,2015/1/27,48591,17768.30078,6811.600098,2029.550049,3352.959961
645,2015/1/28,47695,17795.73047,6825.899902,2002.160034,3305.738037
646,2015/1/29,47762,17606.2207,6810.600098,2021.25,3262.304932
647,2015/1/30,46908,17674.39063,6749.399902,1994.98999,3210.363037
648,2015/2/2,47651,17558.03906,6782.600098,2020.849976,3128.300049
649,2015/2/3,48964,17335.84961,6871.799805,2050.030029,3204.906982
650,2015/2/4,49301,17678.74023,6860,2041.51001,3174.125977
651,2015/2/5,49234,17504.61914,6865.899902,2062.52002,3136.531006
652,2015/2/6,48792,17648.5,6853.399902,2055.469971,3075.906982
653,2015/2/9,49383,17711.92969,6837.200195,2046.73999,3095.124023
654,2015/2/10,48510,17652.67969,6829.100098,2068.590088,3141.593018
655,2015/2/12,49533,17979.7207,6828.100098,2088.47998,3173.416016
656,2015/2/13,50636,17913.35938,6873.5,2096.98999,3203.826904
657,2015/2/25,51811,18585.19922,6935.399902,2113.860107,3228.843018
658,2015/2/26,51761,18785.78906,6949.700195,2110.73999,3298.358887
659,2015/2/27,51583,18797.93945,6946.700195,2104.5,3310.302979
660,2015/3/2,51021,18826.88086,6940.600098,2117.389893,3336.284912
661,2015/3/3,51304,18815.16016,6889.100098,2107.780029,3263.052002
662,2015/3/4,50468,18703.59961,6919.200195,2098.530029,3279.532959
663,2015/3/5,50365,18751.83984,6961.100098,2101.040039,3248.476074
664,2015/3/6,49981,18971,6911.799805,2071.26001,3241.187012
665,2015/3/9,49181,18790.55078,6876.5,2079.429932,3302.407959
666,2015/3/10,48293,18665.10938,6702.799805,2044.160034,3286.068115
667,2015/3/11,48906,18723.51953,6721.5,2040.23999,3290.899902
668,2015/3/12,48880,18991.10938,6761.100098,2065.949951,3349.322998
669,2015/3/13,48596,19254.25,6740.600098,2053.399902,3372.910889
670,2015/3/16,48848,19246.06055,6804.100098,2081.189941,3449.304932
671,2015/3/17,50285,19437,6837.600098,2074.280029,3502.846924
672,2015/3/18,51526,19544.48047,6945.200195,2099.5,3577.301025
673,2015/3/19,50954,19476.56055,6962.299805,2089.27002,3582.270996
674,2015/3/20,51967,19560.2207,7022.5,2108.100098,3617.318115
675,2015/3/23,51908,19560.2207,7037.700195,2104.419922,3687.728027
676,2015/3/24,51506,19713.44922,7019.700195,2091.5,3691.409912
677,2015/3/25,51858,19746.19922,6991,2061.050049,3660.727051
678,2015/3/26,50580,19471.11914,6895.299805,2056.149902,3682.094971
679,2015/3/27,50095,19285.63086,6855,2061.02002,3691.095947
680,2015/3/30,51243,19411.40039,6891.399902,2086.23999,3786.568115
681,2015/3/31,51150,19206.99023,6773,2067.889893,3747.898926
682,2015/4/1,52322,19034.83984,6809.5,2059.689941,3810.293945
683,2015/4/2,53123,19312.78906,6833.5,2066.959961,3825.783936
684,2015/4/7,53729,19640.53906,6961.799805,2076.330078,3961.37793
685,2015/4/8,53661,19789.81055,6937.399902,2081.899902,3994.811035
686,2015/4/9,53803,19937.7207,7015.399902,2091.179932,3957.533936
687,2015/4/10,54214,19907.63086,7089.799805,2102.060059,4034.310059
688,2015/4/13,54240,19905.46094,7064.299805,2092.429932,4121.714844
689,2015/4/14,53982,19908.67969,7075.299805,2095.840088,4135.564941
690,2015/4/15,54919,19869.75977,7096.799805,2106.629883,4084.163086
691,2015/4/16,54674,19885.76953,7060.5,2104.98999,4194.823242
692,2015/4/17,53955,19652.88086,6994.600098,2081.179932,4287.295898
693,2015/4/20,53761,19634.49023,7052.100098,2100.399902,4217.077148
694,2015/4/22,54617,20133.90039,7028.200195,2107.959961,4398.494141
695,2015/4/23,55685,20187.65039,7053.700195,2112.929932,4414.507813
696,2015/4/24,56594,20020.03906,7070.700195,2117.689941,4393.686035
697,2015/4/27,55535,19983.32031,7104,2108.919922,4527.395996
698,2015/4/28,55812,20058.94922,7030.5,2114.76001,4476.214844
699,2015/4/30,56229,19520.00977,6960.600098,2085.51001,4441.654785
700,2015/5/7,56921,19291.99023,6887,2088,4112.213867
701,2015/5/8,57149,19379.18945,7046.799805,2116.100098,4205.916992
702,2015/5/11,57197,19620.91016,7029.899902,2105.330078,4333.583984
703,2015/5/12,56792,19624.83984,6933.799805,2099.120117,4401.219238
704,2015/5/13,56372,19764.7207,6949.600098,2098.47998,4375.759766
705,2015/5/14,56657,19570.24023,6973,2121.100098,4378.311035
706,2015/5/15,57249,19732.91992,6960.5,2122.72998,4308.690918
707,2015/5/18,56204,19890.26953,6968.899902,2129.199951,4283.491211
708,2015/5/19,55499,20026.38086,6995.100098,2127.830078,4417.551758
709,2015/5/20,54901,20196.56055,7007.299805,2125.850098,4446.288086
710,2015/5/21,55112,20202.86914,7013.5,2130.820068,4529.421875
711,2015/5/22,54377,20264.41016,7031.700195,2126.060059,4657.596191
712,2015/5/26,53630,20437.48047,6949,2104.199951,4910.896973
713,2015/5/27,54236,20472.58008,7033.299805,2123.47998,4941.713867
714,2015/5/28,53976,20551.46094,7040.899902,2120.790039,4620.266113
715,2015/5/29,52760,20563.15039,6984.399902,2107.389893,4611.744141
716,2015/6/1,53031,20569.86914,6953.600098,2111.72998,4828.737793
717,2015/6/2,54236,20543.18945,6928.299805,2109.600098,4910.526855
718,2015/6/3,53523,20473.50977,6950.5,2114.070068,4909.978027
719,2015/6/5,52973,20460.90039,6804.600098,2092.830078,5023.096191
720,2015/6/8,52810,20457.18945,6790,2079.280029,5131.880859
721,2015/6/9,52816,20096.30078,6753.799805,2080.149902,5113.53418
722,2015/6/10,53876,20046.35938,6830.299805,2105.199951,5106.036133
723,2015/6/11,53689,20382.9707,6846.700195,2108.860107,5121.592773
724,2015/6/12,53348,20407.08008,6784.899902,2094.110107,5166.350098
725,2015/6/15,53138,20387.78906,6710.5,2084.429932,5062.993164
726,2015/6/16,53702,20257.93945,6710.100098,2096.290039,4887.432129
727,2015/6/17,53249,20219.26953,6680.600098,2100.439941,4967.897949
728,2015/6/18,54239,19990.82031,6707.899902,2121.23999,4785.355957
729,2015/6/19,53749,20174.24023,6710.5,2109.98999,4478.36377
730,2015/6/23,53772,20809.41992,6834.899902,2124.199951,4576.492188
731,2015/6/24,53843,20868.0293,6844.799805,2108.580078,4690.149902
732,2015/6/25,53176,20771.40039,6807.799805,2102.310059,4527.778809
733,2015/6/26,54017,20706.15039,6753.700195,2101.48999,4192.873047
734,2015/6/29,53014,20109.94922,6620.5,2057.639893,4053.030029
735,2015/6/30,53081,20235.73047,6521,2063.110107,4277.222168
736,2015/7/1,52758,20329.32031,6608.600098,2077.419922,4053.699951
737,2015/7/2,53106,20522.5,6630.5,2076.780029,3912.76709
738,2015/7/6,52149,20112.11914,6535.700195,2068.76001,3775.912109
739,2015/7/7,52344,20376.58984,6432.200195,2081.340088,3727.125
740,2015/7/8,51782,19737.64063,6490.700195,2046.680054,3507.191895
741,2015/7/10,52591,19779.83008,6673.399902,2076.620117,3877.802979
742,2015/7/13,53119,20089.76953,6738,2099.600098,3970.387939
743,2015/7/14,53239,20385.33008,6753.799805,2108.949951,3924.487061
744,2015/7/15,52902,20463.33008,6753.799805,2107.399902,3805.702881
745,2015/7/16,53070,20600.11914,6796.5,2124.290039,3823.176025
746,2015/7/17,52342,20650.91992,6775.100098,2126.639893,3957.352051
747,2015/7/21,51474,20841.9707,6769.100098,2119.209961,4017.675049
748,2015/7/22,50916,20593.66992,6667.299805,2114.149902,4026.044922
749,2015/7/23,49807,20683.94922,6655,2102.149902,4123.922852
750,2015/7/24,49246,20544.5293,6579.799805,2079.649902,4070.907959
751,2015/7/27,48736,20350.09961,6505.100098,2067.639893,3725.558105
752,2015/7/28,49602,20328.89063,6555.299805,2093.25,3663.001953
753,2015/7/29,50245,20302.91016,6631,2108.570068,3789.167969
754,2015/7/30,49897,20522.83008,6668.899902,2108.629883,3705.766113
755,2015/7/31,50865,20585.24023,6696.299805,2103.840088,3663.726074
756,2015/8/3,50138,20548.10938,6688.600098,2098.040039,3622.905029
757,2015/8/4,50058,20520.35938,6686.600098,2093.320068,3756.544922
758,2015/8/5,50287,20614.06055,6752.399902,2099.840088,3694.572998
759,2015/8/6,50011,20664.43945,6747.100098,2083.560059,3661.539063
760,2015/8/7,48577,20724.56055,6718.5,2077.570068,3744.205078
761,2015/8/10,49353,20808.68945,6736.200195,2104.179932,3928.415039
762,2015/8/11,49072,20720.75,6664.5,2084.070068,3927.907959
763,2015/8/12,48388,20392.76953,6571.200195,2086.050049,3886.320068
764,2015/8/13,48010,20595.55078,6568.299805,2083.389893,3954.555908
765,2015/8/14,47508,20519.44922,6550.700195,2091.540039,3965.334961
766,2015/8/17,47217,20620.25977,6550.299805,2102.439941,3993.667969
767,2015/8/18,47451,20554.4707,6526.299805,2096.919922,3748.164063
768,2015/8/19,46588,20222.63086,6403.5,2079.610107,3794.108887
769,2015/8/20,46649,20033.51953,6367.899902,2035.72998,3664.291016
770,2015/8/21,45720,19435.83008,6187.700195,1970.890015,3507.743896
771,2015/8/24,44336,18540.67969,5898.899902,1893.209961,3209.905029
772,2015/8/25,44545,17806.69922,6081.299805,1867.609985,2964.967041
773,2015/8/26,46038,18376.83008,5979.200195,1940.51001,2927.288086
774,2015/8/27,47715,18574.43945,6192,1987.660034,3083.591064
775,2015/8/28,47154,19136.32031,6247.899902,1988.869995,3232.350098
776,2015/9/1,45477,18165.68945,6058.5,1913.849976,3166.624023
777,2015/9/2,46464,18095.40039,6083.299805,1948.859985,3160.166992
778,2015/9/8,46762,17427.08008,6146.100098,1969.410034,3170.451904
779,2015/9/9,46657,18770.50977,6229,1942.040039,3243.089111
780,2015/9/10,46504,18299.61914,6155.799805,1952.290039,3197.893066
781,2015/9/11,46401,18264.2207,6117.799805,1961.050049,3200.233887
782,2015/9/14,47282,17965.69922,6084.600098,1953.030029,3114.798096
783,2015/9/15,47364,18026.48047,6137.600098,1978.089966,3005.172119
784,2015/9/16,48553,18171.59961,6229.200195,1995.310059,3152.262939
785,2015/9/17,48551,18432.26953,6187,1990.199951,3086.061035
786,2015/9/18,47264,18070.21094,6104.100098,1958.079956,3097.916992
787,2015/9/24,45292,17571.83008,5961.5,1932.23999,3142.687012
788,2015/9/25,44831,17880.50977,6109,1931.339966,3092.346924
789,2015/9/28,43957,17645.10938,5958.899902,1881.77002,3100.756104
790,2015/9/29,44132,16930.83984,5909.200195,1884.089966,3038.136963
791,2015/9/30,45059,17388.15039,6061.600098,1920.030029,3052.781006
792,2015/10/8,49107,18141.16992,6374.799805,2013.430054,3143.356934
793,2015/10/9,49338,18438.66992,6416.200195,2014.890015,3183.1521
794,2015/10/13,47363,18234.74023,6342.299805,2003.689941,3293.22998
795,2015/10/14,46710,17891,6269.600098,1994.23999,3262.440918
796,2015/10/15,47161,18096.90039,6338.700195,2023.859985,3338.072998
797,2015/10/16,47236,18291.80078,6378,2033.109985,3391.352051
798,2015/10/19,47447,18131.23047,6352.299805,2033.660034,3386.699951
799,2015/10/20,47077,18207.15039,6345.100098,2030.77002,3425.330078
800,2015/10/21,47026,18554.2793,6348.399902,2018.939941,3320.676025
801,2015/10/22,47772,18435.86914,6376.299805,2052.51001,3368.739014
802,2015/10/23,47597,18825.30078,6444.100098,2075.149902,3412.434082
803,2015/10/26,47209,18947.11914,6417,2071.179932,3429.581055
804,2015/10/27,47043,18777.03906,6365.299805,2065.889893,3434.335938
805,2015/10/28,46741,18903.01953,6437.799805,2090.350098,3375.196045
806,2015/10/29,45628,18935.71094,6395.799805,2089.409912,3387.314941
807,2015/10/30,45869,19083.09961,6361.100098,2079.360107,3382.561035
808,2015/11/4,47710,18926.91016,6412.899902,2102.310059,3459.639893
809,2015/11/5,48047,19116.41016,6364.899902,2099.929932,3522.819092
810,2015/11/6,46919,19265.59961,6353.799805,2099.199951,3590.031982
811,2015/11/9,46195,19642.74023,6295.200195,2078.580078,3646.881104
812,2015/11/10,46179,19671.25977,6275.299805,2081.719971,3640.485107
813,2015/11/11,47065,19691.39063,6297.200195,2075,3650.249023
814,2015/11/12,46884,19697.76953,6178.700195,2045.969971,3632.9021
815,2015/11/13,46517,19596.91016,6118.299805,2023.040039,3580.839111
816,2015/11/16,46847,19393.68945,6146.399902,2053.189941,3606.957031
817,2015/11/17,47248,19630.63086,6268.799805,2050.439941,3604.794922
818,2015/11/18,47436,19649.17969,6279,2083.580078,3568.468018
819,2015/11/19,48139,19859.81055,6329.899902,2081.23999,3617.062012
820,2015/11/24,48284,19924.89063,6277.200195,2089.139893,3616.113037
821,2015/11/25,46867,19847.58008,6337.600098,2088.870117,3647.929932
822,2015/11/27,45873,19883.93945,6375.200195,2090.110107,3436.302979
823,2015/11/30,45120,19747.4707,6356.100098,2080.409912,3445.405029
824,2015/12/1,45047,20012.40039,6395.700195,2102.629883,3456.309082
825,2015/12/2,44915,19938.13086,6420.899902,2079.51001,3536.905029
826,2015/12/3,46393,19939.90039,6275,2049.620117,3584.823975
827,2015/12/4,45361,19504.48047,6238.299805,2091.689941,3524.991943
828,2015/12/7,45223,19698.15039,6223.5,2077.070068,3536.927002
829,2015/12/8,44443,19492.59961,6135.200195,2063.590088,3470.070068
830,2015/12/9,46108,19301.07031,6126.700195,2047.619995,3472.438965
831,2015/12/10,45631,19046.55078,6088.100098,2052.22998,3455.495117
832,2015/12/11,45263,19230.48047,5952.799805,2012.369995,3434.581055
833,2015/12/14,44747,18883.41992,5874.100098,2021.939941,3520.667969
834,2015/12/15,44872,18565.90039,6017.799805,2043.410034,3510.354004
835,2015/12/16,45016,19049.91016,6061.200195,2073.070068,3516.187012
836,2015/12/17,45261,19353.56055,6102.5,2041.890015,3579.999023
837,2015/12/18,43911,18986.80078,6052.399902,2005.550049,3578.964111
838,2015/12/21,43200,18916.01953,6034.799805,2021.150024,3642.471924
839,2015/12/22,43470,18886.69922,6083.100098,2038.969971,3651.76709
840,2015/12/29,43654,18982.23047,6314.600098,2078.360107,3563.736084
841,2015/12/30,43350,19033.71094,6274.100098,2063.360107,3572.875977
842,2016/1/4,42141,18450.98047,6093.399902,2012.660034,3296.258057
843,2016/1/5,42419,18374,6137.200195,2016.709961,3287.710938
844,2016/1/6,41773,18191.32031,6073.399902,1990.26001,3361.840088
845,2016/1/7,40695,17767.33984,5954.100098,1943.089966,3125.001953
846,2016/1/8,40612,17697.96094,5912.399902,1922.030029,3186.412109
847,2016/1/12,39514,17218.96094,5929.200195,1938.680054,3022.861084
848,2016/1/13,38944,17715.63086,5961,1890.280029,2949.596924
849,2016/1/14,39500,17240.94922,5918.200195,1921.839966,3007.648926
850,2016/1/15,38569,17147.10938,5804.100098,1880.329956,2900.969971
851,2016/1/19,38057,17048.36914,5876.799805,1881.329956,3007.739014
852,2016/1/20,37645,16416.18945,5673.600098,1859.329956,2976.694092
853,2016/1/21,37717,16017.25977,5773.799805,1868.98999,2880.481934
854,2016/1/22,38031,16958.5293,5900,1906.900024,2916.562012
855,2016/1/26,37497,16708.90039,5911.5,1903.630005,2749.784912
856,2016/1/27,38376,17163.91992,5990.399902,1882.949951,2735.558105
857,2016/1/28,38630,17041.44922,5931.799805,1893.359985,2655.660889
858,2016/1/29,40406,17518.30078,6083.799805,1940.23999,2737.600098
859,2016/2/1,40570,17865.23047,6060.100098,1939.380005,2688.854004
860,2016/2/2,38596,17750.67969,5922,1903.030029,2749.570068
861,2016/2/3,39589,17191.25,5837.100098,1912.530029,2739.24707
862,2016/2/4,40822,17044.99023,5898.799805,1915.449951,2781.022949
863,2016/2/5,40592,16819.58984,5848.100098,1880.050049,2763.491943
864,2016/2/16,40948,16054.42969,5862.200195,1895.579956,2836.571045
865,2016/2/17,41631,15836.36035,6030.299805,1926.819946,2867.337891
866,2016/2/18,41478,16196.79981,5972,1917.829956,2862.893066
867,2016/2/19,41543,15967.16992,5950.200195,1917.780029,2860.020996
868,2016/2/22,43235,16111.04981,6037.700195,1945.5,2927.175049
869,2016/2/23,42521,16052.04981,5962.299805,1921.27002,2903.331055
870,2016/2/24,42085,15915.79004,5867.200195,1929.800049,2928.895996
871,2016/2/25,41888,16140.33984,6012.799805,1951.699951,2741.245117
872,2016/2/26,41593,16188.41016,6096,1948.050049,2767.209961
873,2016/2/29,42794,16026.75977,6097.100098,1932.22998,2687.979004
874,2016/3/1,44122,16085.50977,6152.899902,1978.349976,2733.169922
875,2016/3/2,44893,16746.55078,6147.100098,1986.449951,2849.680908
876,2016/3/3,47193,16960.16016,6130.5,1993.400024,2859.758057
877,2016/3/4,49085,17014.7793,6199.399902,1999.98999,2874.146973
878,2016/3/7,49246,16911.32031,6182.399902,2001.76001,2897.340088
879,2016/3/8,49102,16783.15039,6125.399902,1979.26001,2901.386963
880,2016/3/9,48665,16642.19922,6146.299805,1989.26001,2862.555908
881,2016/3/10,49571,16852.34961,6036.700195,1989.569946,2804.726074
882,2016/3/11,49639,16938.86914,6139.799805,2022.189941,2810.306885
883,2016/3/14,48867,17233.75,6174.600098,2019.640015,2859.499023
884,2016/3/15,47130,17117.07031,6140,2015.930054,2864.36792
885,2016/3/16,47763,16974.44922,6175.5,2027.219971,2870.429932
886,2016/3/17,50914,16936.38086,6201.100098,2040.589966,2904.832031
887,2016/3/18,50815,16724.81055,6189.600098,2049.580078,2955.149902
888,2016/3/22,51010,17048.55078,6192.700195,2049.800049,2999.363037
889,2016/3/23,49690,17000.98047,6199.100098,2036.709961,3009.959961
890,2016/3/24,49657,16892.33008,6106.5,2035.939941,2960.969971
891,2016/3/29,51155,17103.5293,6105.899902,2055.01001,2919.832031
892,2016/3/30,51249,16878.96094,6203.200195,2063.949951,3000.64502
893,2016/3/31,50055,16758.66992,6174.899902,2059.73999,3003.915039
894,2016/4/1,50562,16164.16016,6146.100098,2072.780029,3009.530029
895,2016/4/5,49054,15732.82031,6091.200195,2045.170044,3053.064941
896,2016/4/6,48096,15715.36035,6161.600098,2066.659912,3050.592041
897,2016/4/7,48513,15749.83984,6136.899902,2041.910034,3008.419922
898,2016/4/8,50293,15821.51953,6204.399902,2047.599976,2984.958008
899,2016/4/11,50165,15751.12988,6200.100098,2041.98999,3033.957031
900,2016/4/12,52002,15928.79004,6242.399902,2061.719971,3023.645996
901,2016/4/13,53150,16381.21973,6362.899902,2082.419922,3066.637939
902,2016/4/14,52411,16911.05078,6365.100098,2082.780029,3082.362061
903,2016/4/15,53228,16848.0293,6343.799805,2080.72998,3078.116943
904,2016/4/18,52894,16275.9502,6353.5,2094.340088,3033.659912
905,2016/4/19,53710,16874.43945,6405.399902,2100.800049,3042.822998
906,2016/4/20,53631,16906.53906,6410.299805,2102.399902,2972.583984
907,2016/4/22,52908,17572.49023,6310.399902,2091.580078,2959.23999
908,2016/4/25,51862,17439.30078,6260.899902,2087.790039,2946.669922
909,2016/4/26,53083,17353.2793,6284.5,2091.699951,2964.699951
910,2016/4/27,54478,17290.49023,6319.899902,2095.149902,2953.670898
911,2016/4/28,54312,16666.05078,6322.399902,2075.810059,2945.589111
912,2016/5/6,51718,16106.71973,6125.700195,2057.139893,2913.248047
913,2016/5/9,50990,16216.03027,6114.799805,2058.689941,2832.113037
914,2016/5/10,53071,16565.18945,6156.700195,2084.389893,2832.591064
915,2016/5/11,52764,16579.00977,6162.5,2064.459961,2837.037109
916,2016/5/12,53241,16646.33984,6104.200195,2064.110107,2835.862061
917,2016/5/13,51804,16412.21094,6138.5,2046.609985,2827.108887
918,2016/5/16,51803,16466.40039,6151.399902,2066.659912,2850.862061
919,2016/5/17,50839,16652.80078,6167.799805,2047.209961,2843.684082
920,2016/5/18,50562,16644.68945,6165.799805,2047.630005,2807.513916
921,2016/5/19,50133,16646.66016,6053.399902,2040.040039,2806.906006
922,2016/5/20,49723,16736.34961,6156.299805,2052.320068,2825.48291
923,2016/5/23,49330,16654.59961,6136.399902,2048.040039,2843.64502
924,2016/5/24,49345,16498.75977,6219.299805,2076.060059,2821.666016
925,2016/5/25,49483,16757.34961,6262.899902,2090.540039,2815.085938
926,2016/5/27,49051,16834.83984,6270.799805,2099.060059,2821.045898
927,2016/5/31,48472,17234.98047,6230.799805,2096.949951,2916.615967
928,2016/6/1,49013,16955.73047,6191.899902,2099.330078,2913.508057
929,2016/6/2,49887,16562.55078,6185.600098,2105.26001,2925.229004
930,2016/6/3,50619,16642.23047,6209.600098,2099.129883,2938.681885
931,2016/6/6,50432,16580.0293,6273.399902,2109.409912,2934.0979
932,2016/6/7,50488,16675.44922,6284.5,2112.129883,2936.044922
933,2016/6/8,51629,16830.91992,6301.5,2119.120117,2927.158936
934,2016/6/13,49661,16019.17969,6045,2079.060059,2833.071045
935,2016/6/14,48648,15859,5923.5,2075.320068,2842.188965
936,2016/6/15,48915,15919.58008,5966.799805,2071.5,2887.209961
937,2016/6/16,49412,15434.13965,5950.5,2077.98999,2872.816895
938,2016/6/17,49534,15599.66016,6021.100098,2071.219971,2885.10498
939,2016/6/20,50329,15965.29981,6204,2083.25,2888.809082
940,2016/6/21,50838,16169.11035,6226.600098,2088.899902,2878.558105
941,2016/6/22,50156,16065.71973,6261.200195,2085.449951,2905.550049
942,2016/6/23,51560,16238.34961,6338.100098,2113.320068,2891.959961
943,2016/6/24,50105,14952.01953,6138.700195,2037.410034,2854.285889
944,2016/6/27,49246,15309.20996,5982.200195,2000.540039,2895.702881
945,2016/6/28,50007,15323.13965,6140.399902,2036.089966,2912.556885
947,2016/6/30,51527,15575.91992,6504.299805,2098.860107,2929.605957
948,2016/7/1,52233,15682.48047,6577.799805,2102.949951,2932.476074
949,2016/7/5,51842,15669.33008,6545.399902,2088.550049,3006.39209
950,2016/7/6,51902,15378.99023,6463.600098,2099.72998,3017.291992
951,2016/7/7,52015,15276.24023,6533.799805,2097.899902,3016.846924
952,2016/7/8,53141,15106.98047,6590.600098,2129.899902,2988.093994
953,2016/7/11,53960,15708.82031,6682.899902,2137.159912,2994.916992
954,2016/7/12,54256,16095.65039,6680.700195,2152.139893,3049.381104
955,2016/7/13,54598,16231.42969,6670.399902,2152.429932,3060.688965
956,2016/7/14,55481,16385.89063,6654.5,2163.75,3054.018066
957,2016/7/15,55578,16497.84961,6669.200195,2161.73999,3054.295898
958,2016/7/19,56698,16723.31055,6697.399902,2163.780029,3036.5979
959,2016/7/20,56578,16681.89063,6729,2173.02002,3027.899902
960,2016/7/21,56641,16810.2207,6699.899902,2165.169922,3039.009033
961,2016/7/22,57002,16627.25,6730.5,2175.030029,3012.815918
962,2016/7/25,56873,16620.28906,6710.100098,2168.47998,3015.827881
963,2016/7/26,56783,16383.04004,6724,2169.179932,3050.166016
964,2016/7/27,56853,16664.82031,6750.399902,2166.580078,2991.999023
965,2016/7/28,56667,16476.83984,6721.100098,2170.060059,2994.322998
966,2016/7/29,57308,16569.26953,6724.399902,2173.600098,2979.339111
967,2016/8/1,56756,16635.76953,6694,2170.840088,2953.38501
968,2016/8/2,56162,16391.44922,6645.399902,2157.030029,2971.279053
969,2016/8/3,57077,16083.11035,6634.399902,2163.790039,2978.460938
970,2016/8/4,57594,16254.88965,6740.200195,2164.25,2982.426025
971,2016/8/5,57661,16254.4502,6793.5,2182.870117,2976.696045
972,2016/8/8,57635,16650.57031,6809.100098,2180.889893,3004.2771
973,2016/8/9,57689,16764.9707,6851.299805,2181.73999,3025.680908
974,2016/8/10,56920,16735.11914,6866.399902,2175.48999,3018.746094
975,2016/8/12,58298,16919.91992,6916,2184.050049,3050.666992
976,2016/8/15,59146,16869.56055,6941.200195,2190.149902,3125.195068
977,2016/8/16,58855,16596.50977,6893.899902,2178.149902,3110.037109
978,2016/8/17,59324,16745.64063,6859.200195,2182.219971,3109.554932
979,2016/8/18,59166,16486.00977,6869,2187.02002,3104.114014
980,2016/8/19,59099,16545.82031,6859,2183.870117,3108.102051
981,2016/8/22,57781,16598.18945,6828.5,2182.639893,3084.804932
982,2016/8/23,58020,16497.35938,6868.5,2186.899902,3089.706055
983,2016/8/24,57718,16597.30078,6835.799805,2175.439941,3085.879883
984,2016/8/25,57722,16555.94922,6816.899902,2172.469971,3068.329102
985,2016/8/26,57716,16360.70996,6838.100098,2169.040039,3070.309082
986,2016/8/30,58575,16725.35938,6820.799805,2176.120117,3074.677002
987,2016/8/31,57901,16887.40039,6781.5,2170.949951,3085.490967
988,2016/9/1,58236,16926.83984,6746,2170.860107,3063.304932
989,2016/9/2,59616,16925.67969,6894.600098,2179.97998,3067.352051
990,2016/9/6,60129,17081.98047,6826.100098,2186.47998,3090.712891
991,2016/9/8,60232,16958.76953,6858.700195,2181.300049,3095.954102
992,2016/9/9,58000,16965.75977,6777,2127.810059,3078.85498
993,2016/9/12,58586,16672.91992,6700.899902,2159.040039,3021.977051
994,2016/9/13,56821,16729.03906,6665.600098,2127.02002,3023.51001
995,2016/9/14,57059,16614.24023,6673.299805,2125.77002,3002.849121
996,2016/9/20,57736,16492.15039,6830.799805,2139.76001,3023
997,2016/9/21,58394,16807.61914,6834.799805,2163.120117,3025.874023
998,2016/9/23,58697,16754.01953,6909.399902,2164.689941,3033.895996
999,2016/9/26,58054,16544.56055,6818,2146.100098,2980.429932
1000,2016/9/27,58382,16683.92969,6807.700195,2159.929932,2998.172119
1001,2016/9/28,59356,16465.40039,6849.399902,2171.370117,2987.85791
1002,2016/9/29,58351,16693.71094,6919.399902,2151.129883,2998.48291
1003,2016/9/30,58367,16449.83984,6899.299805,2168.27002,3004.702881
1004,2016/10/11,61022,17024.75977,7070.899902,2136.72998,3065.25
1005,2016/10/13,61119,16774.24023,6977.700195,2132.550049,3061.345947
1006,2016/10/14,61767,16856.36914,7013.600098,2132.97998,3063.809082
1007,2016/10/17,62696,16900.11914,6947.600098,2126.5,3041.166016
1008,2016/10/18,63782,16963.60938,7000.100098,2139.600098,3083.875
1009,2016/10/19,63506,16998.91016,7021.899902,2144.290039,3084.718994
1010,2016/10/20,63838,17235.5,7026.899902,2141.340088,3084.458008
1011,2016/10/21,64108,17184.58984,7020.5,2141.159912,3090.940918
1012,2016/10/24,64060,17234.41992,6986.399902,2151.330078,3128.24707
1013,2016/10/25,63866,17365.25,7017.600098,2143.159912,3131.938965
1014,2016/10/26,63826,17391.83984,6958.100098,2139.429932,3116.312012
1015,2016/10/27,64250,17336.41992,6986.600098,2133.040039,3112.350098
1016,2016/10/28,64308,17446.41016,6996.299805,2126.409912,3104.27002
1017,2016/10/31,64925,17425.01953,6954.200195,2126.149902,3100.491943
1018,2016/11/1,63326,17442.40039,6917.100098,2111.719971,3122.436035
1019,2016/11/4,61598,16905.35938,6693.299805,2085.179932,3125.316895
1020,2016/11/7,64052,17177.21094,6806.899902,2131.52002,3133.333008
1021,2016/11/8,64158,17171.38086,6843.100098,2139.560059,3147.887939
1022,2016/11/9,63258,16251.54004,6911.799805,2163.26001,3128.370117
1023,2016/11/10,61201,17344.41992,6828,2167.47998,3171.281982
1024,2016/11/11,59184,17374.78906,6730.399902,2164.449951,3196.043945
1025,2016/11/14,59657,17672.61914,6753.200195,2164.199951,3210.371094
1026,2016/11/16,60759,17862.21094,6749.700195,2176.939941,3205.056885
1027,2016/11/17,59770,17862.63086,6794.700195,2187.120117,3208.452881
1028,2016/11/18,59962,17967.41016,6775.799805,2181.899902,3192.855957
1029,2016/11/21,61070,18106.01953,6778,2198.179932,3218.147949
1030,2016/11/22,61954,18162.93945,6819.700195,2202.939941,3248.352051
1031,2016/11/25,61559,18381.2207,6840.799805,2213.350098,3261.937988
1032,2016/11/28,62855,18356.89063,6799.5,2201.719971,3277
1033,2016/11/29,60987,18307.03906,6772,2204.659912,3282.924072
1034,2016/11/30,61906,18308.48047,6783.799805,2198.810059,3250.033936
1035,2016/12/1,59507,18513.11914,6752.899902,2191.080078,3273.309082
1036,2016/12/2,60316,18426.08008,6730.700195,2191.949951,3243.843018
1037,2016/12/5,59832,18274.99023,6746.799805,2204.709961,3204.708984
1038,2016/12/6,61088,18360.53906,6779.799805,2212.22998,3199.646973
1039,2016/12/7,61414,18496.68945,6902.200195,2241.350098,3222.241943
1040,2016/12/8,60677,18765.4707,6931.600098,2246.189941,3215.365967
1041,2016/12/9,60501,18996.36914,6954.200195,2259.530029,3232.883057
1042,2016/12/12,59179,19155.0293,6890.399902,2256.959961,3152.969971
1043,2016/12/13,59281,19250.51953,6968.600098,2271.719971,3155.037109
1044,2016/12/14,58212,19253.60938,6949.200195,2253.280029,3140.531006
1045,2016/12/15,58396,19273.78906,6999,2262.030029,3117.677002
1046,2016/12/16,58389,19401.15039,7011.600098,2258.070068,3122.981934
1047,2016/12/19,57111,19391.59961,7017.200195,2262.530029,3118.084961
1048,2016/12/20,57583,19494.5293,7044,2270.76001,3102.875977
1049,2016/12/21,57647,19444.49023,7041.399902,2265.179932,3137.429932
1050,2016/12/22,57255,19427.66992,7063.700195,2260.959961,3139.558105
1051,2016/12/28,59782,19401.7207,7106.100098,2249.919922,3102.236084
1052,2016/12/29,60227,19145.14063,7120.299805,2249.26001,3096.096924
