"","bvsp_ret","n225_ret","ft100_ret","sp500_ret","ssec_ret"
"1",-0.0107294627199206,-0.00595840839837791,0.00367780881130386,0.0060633451825538,0.000785742911157072
"2",0.00291069141313827,0.0192316678581559,-0.0050010411173691,-0.000212231694765919,-0.00145518137894207
"3",-0.0251266985274139,-0.015069454314057,-0.00454780079993533,0.000348248734820089,-0.00821133020821918
"4",0.0075542179919168,0.00199604376292584,0.00723692747804883,0.00230403036309479,-0.00708949163610306
"5",0.000140846487623136,-0.0312562619246393,0.00399799158285497,-0.0018960902115257,0.00670477641271727
"6",0.00805551005639238,0.024741325484035,0.00780172956008407,0.0051528891343553,-0.00172536093981801
"7",-0.00819635654401552,-0.00389976442930084,-0.000660051517467508,-0.0013480283593692,0.000174461932441972
"8",-0.0103967440673269,-0.000809375403377999,0.00203740765377347,-0.00390278060394866,-0.00930942639005128
"9",-0.013098300317882,0.00390099961543378,0.00073187159546606,0.00276991242951219,0.00167644864396532
"10",0.0154946784675776,0.00158143204799899,-0.00117125179610689,0.000574699765986786,0.0213975511478344
"11",-0.0200578322719931,-0.00793676830557288,-0.00779438657651887,-0.00892932453982542,-0.00467472017512449
"12",-0.0111126127960404,-0.0195795930458953,-0.0163134688736868,-0.0210964214964333,0.00596209305993334
"13",-0.00180127394547824,-0.0253871198186264,-0.0171029711732569,-0.0048882215903987,-0.0103198712005925
"14",0.00293065039881135,-0.00170548985945018,0.0032918737339358,0.00612187539440168,0.00256047753831368
"15",-0.00595402081786744,0.02659549881513,-0.00426940569417589,-0.0102617040053703,0.00557728121259515
"16",-0.0066033298664756,-0.0248014400489502,-0.000886630609103989,0.0112040442426675,-0.00824450767109841
"17",0.0174158286768691,-0.0369678478137807,0.00506479923687486,0.00157611480063391,0.00559840392319799
"18",-0.00757951115164701,0.0175414437584962,0.00302354542055028,0.00156800464224105,0.0201286565807255
"19",0.0105496766941666,0.00553688143036979,0.0125730782644684,0.0107320773255291,0.0113862325972969
"20",-0.00841408692057399,-0.0180895439438604,-0.00233982859850101,0.00579321182005987,-0.00549108875292337
"21",0.00808219868089211,-0.0153713317576489,0.000630518072378905,0.00479768947917147,0.00828006204410237
"22",-0.0337792265977086,0.0363742281847426,0.0197331520498771,0.00115780345614702,0.00151975636703572
"23",0.0117546766307033,-0.00518140669946376,4.41831514379487e-05,-0.00654586190052076,0.0110231674977452
"24",0.00292249255021204,-0.021725507456841,0.00239532283002575,0.00601334166556988,-0.0017620546630539
"25",0.00192248841812415,0.0284168782814351,0.00367737780922361,-0.00192056651181716,-0.0117997907247878
"26",0.000295439679698362,-0.00188465197712695,0.00405718653441589,0.00616745536205254,-0.0176633382490401
"27",-0.0144089199940183,0.0143144015324204,-0.00516923878976527,-0.00134859055000724,-0.0206614122356283
"28",-0.0025076367424397,-0.00537129736899367,-0.00459289046328237,2.16997082533865e-05,0.0034523801038695
"29",0.0214007275749353,-0.00320193300889571,0.0016311565393341,0.00493588147209412,0.00298389108383024
"30",-0.0108342048760832,-0.00551268309389918,-8.80484582062024e-05,0.00277882422261033,0.00436099525311384
"31",-0.0107811426078186,0.00380377338847282,-0.00504970381399872,0.00769310403526013,-0.0015661797985187
"32",0.0107599082548813,0.0157912924903236,0.00193161290894572,0.00171693312189092,0.00315800452851711
"33",-0.0181926442067191,0.00916321537031273,-0.0112287204593819,0.000537944701997972,-0.000811136774454546
"34",-0.0154943880155081,-0.0101290328830999,-0.00346215066727851,-0.000463353578807002,-0.0290103711598011
"35",0.00361719546878625,0.00685277157127473,-0.000598130858953994,-0.00509509694160215,0.00104596256457778
"36",0.00358235420244313,-0.0262019481427522,-0.00970970450423891,0.000305124168463067,-0.00173298159947421
"37",-0.00915608876113794,-0.000972070514960066,-0.0101862932266599,-0.0117700915065626,0.0106647740120005
"38",-0.0105741500688481,-0.0335144138492538,-0.00395972043714643,-0.00282576645111643,-0.00734297160610708
"39",0.00337463132742144,-0.00349517315487802,0.00618497281108787,0.00956771760196951,0.00959983915509532
"40",0.0226373492202434,0.00931373402608848,0.00560207084171083,0.00719368227489348,0.000752343958124513
"41",0.00897350657884566,0.00354993615245469,-0.00488674972914183,-0.00615052484482348,-0.00171094474001166
"42",0.0151740865166285,-0.0166135613710239,-0.00468152217916717,0.00602233396080987,-0.0140742079240956
"43",0.0149889446578939,0.0174968539702878,-0.00336834692878263,-0.00781356141988621,0.0358680752382368
"44",0.00388883024688269,-0.00360637777578887,0.0128760742565426,0.00439427100472223,0.000499315122917565
"45",-0.00445157059875179,0.00373488844496883,6.0544580549049e-05,-0.00702493667276993,-0.00176283259633525
"46",0.0344455391169411,0.0100158390938816,-0.0025770085360417,-0.0019018915970701,-0.00831189069668881
"47",0.00243424150780314,0.00498932238470573,0.00413519219367586,0.00462948921412654,-0.0023853333921231
"48",0.0129165426324604,0.00892841816684253,-0.00260333066660756,0.00789287154385132,-0.00412563467791927
"49",-0.00288027214069508,-0.00241999222924605,0.00818058988232551,0.0070146881968487,0.00693692693458026
"50",0.0280686459826072,0.0103793028381549,0.000961552697795298,0.00284926336425695,0.00561463644005311
"51",-0.00568332131358851,0.00836561162642369,-0.00148780122681025,-0.00112708474585688,-0.00745173605568272
"52",-0.00636161770785648,-0.000538256208484356,0.00696908698113141,-0.012616543077149,0.00737549084113187
"53",0.0106513454541819,-0.0307998494681883,-0.015791014874555,-0.00706477441456688,0.0189814646156767
"54",-0.00863700974809412,-0.0212547536005676,0.00678951399655503,0.0108590394626162,0.00330824151775566
"55",-0.00111422802375216,3.00484507960164e-05,0.000964014949749625,-0.0211059679216197,0.0137106681800683
"56",0.0143504574427666,-0.0240682718511458,-0.0121633775117989,-0.00953205993380735,-0.00176234333489322
"57",-0.00521921852828378,-0.00358014549167862,0.00336231118176045,0.00818370818243785,0.000467879894972434
"58",-0.0224015011836478,0.00620989589997478,-0.00643025777784167,0.00673457945540701,-0.0141448131575403
"59",0.0146970330259126,0.0296257939678508,0.00649107035380325,0.0104338684212522,0.00167398552350217
"60",0.017616995806895,-1.0363718537576e-05,0.00622275523280003,0.00136292371098623,-0.00296719984404259
"61",-0.00257474586940454,-0.00199683748043356,0.00849175871125141,0.00785180452110978,-0.0124909238044495
"62",-0.00786120497935272,0.0108865624967116,-0.00106309447364872,-0.00221576676650592,-0.00263222108063843
"63",0.00477817268973091,-0.00975988075378531,0.00423089870493953,0.00171548790073039,-0.00501847783137865
"64",-0.00809956373365317,0.00168338318015593,-0.00258424109522437,-0.00812934477856952,-0.0100226344816114
"65",-0.000291877063453683,-0.00982191915649366,0.00216645952067651,0.00323081153933558,-0.0163528060345977
"66",0.00471795149539211,0.0011107787034792,0.0118396961510321,0.00773701006147753,0.0113509159959868
"67",0.0459202552568474,-0.0191031532501551,0.00241594385776267,-0.00305143565831312,-0.00806409014033882
"68",-0.0117424005653817,0.00924424107971333,0.00629231289440391,-0.00137456920358403,0.00257917139046526
"69",-0.00604571789445529,0.00252505882676957,-0.00361797495487792,0.00151832288286347,-0.00205594583080071
"70",0.017788118459837,-0.0035324116472939,0.00544397926852547,0.00962625620353919,0.0205401026859739
"71",-0.00270470709530457,0.0193126763013574,0.00310389296117108,0.000421668916014362,-0.00104448174962535
"72",0.00934275628878289,-0.00136523369962482,0.000785348939622565,-0.00471208963163416,-0.00137508772528605
"73",-0.010289277892813,-0.00749375882933379,-0.00548131731843604,-0.00940590380541284,-0.0112629170253609
"74",0.00222568531672884,-0.0142014389948528,0.00217569329784517,0.00373996241046282,0.000755294271640672
"75",-0.0116092947309792,-0.00641565826540358,-0.00163494636274386,0.00383741434790785,-0.0105768348117774
"76",-0.0186726828264643,0.00490068130949872,-0.00624334795057457,-0.0065196046087328,0.00146315254736873
"77",-0.00311756126613005,-0.00235299649517628,0.00278940208757916,0.00808334041970671,0.00834705494352672
"78",0.0114848561181784,0.020833772356875,-5.86297790938772e-05,0.00235944422810963,-0.00181206282927082
"79",-0.00341452642243034,0.00863755737693594,-0.000704041129980126,0.00423939288552333,0.00655052350863539
"80",-0.00862600768507882,0.0119834741513927,0.00426041734916005,0.00596995027375247,-1.98027397857459e-06
"81",0.00889200050484185,0.0023496184527243,0.000920012762724909,-0.00111469281152576,0.00766901181513369
"82",-0.00764694465170734,0.000733802445155973,0.00292944060833378,0.00535275865819163,-0.00470960186255098
"83",-0.019328381530384,-0.00336629111924402,-0.00390787843029727,0.00184198044744743,-0.00067794140781352
"84",0.0153579530903745,0.0270940585653232,-0.0011987889741718,0.000348272922995996,-0.000444869755265032
"85",-0.00383190186301086,0.00223970094795689,-0.00259243451634461,0.00188987678895014,-0.0066308926338996
"86",-0.00530022905918237,0.000756959937383783,-0.000748248355176173,0.00650408209108555,0.00789241891226045
"87",0.0299961355246161,-0.000141255265683427,0.00653910686216364,0.0046170833074175,-0.00536598786395093
"88",0.0213039471794652,0.00309654881768751,0.00244659848273443,0.000938331305107454,0.000268884939686131
"89",0.00608027443349712,-0.00857942436698167,-0.000203642842887319,-0.000246014154145158,0.0107911142204378
"90",0.00907887300004795,0.00496807592988802,-0.00506111505124451,-0.00354331093877303,0.00117639832227745
"91",-0.00536809011823536,0.00188013904202222,-0.00895958065587088,-0.00398448016350006,0.00764345824364732
"92",-0.0032347406149178,-0.0109587249921308,-0.0034435362311438,0.000836355270388722,0.00734616306951619
"93",-0.00605895546773638,0.00285394685773532,0.00180450403034449,0.00217021247740501,-0.00928800024109222
"94",0.0164749575708605,0.00929364331736693,0.00174233261028789,0.00768924304188978,-0.00542377186516774
"95",-0.0102695731392117,0.0153371412745376,0.00685106782944267,0.00300522697066619,-0.0141323906719242
"96",-0.00786421809929116,0.00129304642737615,-0.00361081524739681,-0.00013247297232688,-0.00113993485830743
"97",0.00130886451661461,0.000452746286660144,-0.00198709189154478,-0.00645610655987472,0.00471432230168656
"98",-0.0158767389300944,-0.00715536222456237,-0.00791383263351442,0.00488555751160114,-0.00415284063037547
"99",0.00151496760573622,0.00273947790175733,0.000222738643577358,-0.00117957912445377,0.00648352117271145
"100",-0.00656268762046075,-0.0140440283235534,0.0033646923313384,0.00190904511827394,-0.00106350564912283
"101",0.000206912768195622,0.0044353041674885,-0.00205898638131075,-0.00037232626800332,0.00578575214281862
"102",7.52303931150777e-05,0.0107649279057558,0.00871059938922691,0.00665557298946684,0.00100236472956095
"103",-0.00269300828472652,0.00285179289556936,0.00198248142207014,0.000658596162261382,0.00439772329686683
"104",0.0158276147032854,-0.00141151834523434,0.00713374161046154,0.00546455008240532,0.00184882970117162
"105",-0.00135590722594614,0.00202751066835205,-0.00609266378843998,-0.00393123905908066,-0.00160168700922636
"106",-0.00312744586419456,-0.00423735478295839,-0.0125351884689557,-0.00707376194048237,0.00198547379690428
"107",0.0177224740699025,-0.00641584954733254,-0.00985774761668168,0.000493888344087701,-0.0125192676320847
"108",0.00352901745858425,-0.00345153800558151,0.00266419759621428,0.00146984170400444,0.00421953112167106
"109",0.0173350943677804,0.00871814580954577,0.00832077644906271,0.00483186108333999,0.00957071785964914
"110",0.00411751597684074,0.00640820077566318,-0.00529111079994848,-0.00193396492782227,0.0017940228992348
"111",-0.00460199037646269,-0.0010307476667144,0.0109966420141827,0.00419228501402014,-0.00148928419157635
"112",-0.00141888578427185,-0.000587978519622112,-0.0068624672182338,-0.0119046058414494,-0.00566831112785326
"113",0.0244128909597965,-0.010106014406567,0.00166078941507308,0.0102126091095895,0.0016894876130209
"114",0.0168705521289922,0.00834916665119678,0.00676273997584431,0.00268066444365367,0.0079399967400855
"115",-0.00975718944201454,-0.000959883802671868,0.000426731900395438,0.00175290104463688,0.00144828082378368
"116",0.00967095355230718,-0.00288372326533448,0.00342148907780704,0.000488036458804686,0.0127037319287204
"117",-0.0027115967529685,0.0112842628371457,-0.00439282013148201,-0.00486094571948925,0.0101861239920389
"118",-0.00216418447135069,0.00461676010020895,-0.000515475309025959,0.00028811321192368,0.0238520981177865
"119",-0.0100510361456276,0.00569357045947072,0.00289789141236518,-0.00453806841016036,0.00240482977197232
"120",-0.00422818774250544,0.00180142634971858,-0.00506582294759106,6.09108599309849e-05,-0.000893116846585329
"121",-0.0186151754880228,-0.0016286145538551,-0.00641314509635471,-0.0202019319801767,0.00927225276612464
"122",0.00132459833923626,-0.00627150505771823,-0.00759176785593674,-0.00286321647470533,-0.00741263179158391
"123",0.0126735847894963,-0.00313639595435866,-0.000254583090788074,0.00716331454385255,0.0172520644286651
"124",-0.00733928731843392,-0.0100141368436208,0.00074850302895868,-0.00973267904391317,-0.00152409508736362
"125",0.00505817972735123,-0.0105328405132497,-0.00695262913487937,1.56382717566572e-05,-0.00111776021193499
"126",-0.0053073122137377,0.0047762460842371,-0.0058639227264603,-0.00557211547605352,-0.0135281229545727
"127",-0.0110057391703737,-0.0302581432078437,-0.00455761612425576,0.0114654228023729,0.00308350727407714
"128",0.0185411690167783,0.0235492315598371,0.00990900737518174,0.00275562496105053,0.013681346190431
"129",-0.00302507859719725,0.00203289477846269,-6.02935513906999e-05,-0.00163798240239021,-0.00137602840784457
"130",-0.0153721459818854,0.00344496895739077,0.00365718068300502,0.00668476725501144,0.00057688834915659
"131",0.00357396596335846,0.00661295439790521,0.00428716141574981,0.00433639826904209,-0.00741011207762021
"132",0.0210041071578377,0.00024610982114126,0.000568293625111238,-6.13747476219118e-05,0.00914371760163224
"133",0.0104257656868914,0.000278044348764439,0.0077734051446896,0.00849548289299928,0.00570158597072545
"134",0.015309324087788,0.00826657635340844,0.00562106728271061,0.00498819050701815,0.00261506528105926
"135",0.00731292732055167,0.000301587096084077,-0.00351683510252165,0.00247474819157301,-0.00228250826566168
"136",0.00193433503937612,0.00848891949616259,0.00328085221435792,0.00294554710346961,-0.00436308104652117
"137",-0.00996609582690589,-0.00302067249877958,-0.000354222685029271,-0.00199457506824352,0.00463135639807
"138",0.0239210242143137,-0.00115714518337917,0.00698629875673262,0.00582688320145852,-0.0151561698975407
"139",0.0187134928043875,0.00087587347594642,0.0011572696937403,4.99857503220014e-05,0.00106830896654131
"140",-0.0108874238212326,-0.00483696586331384,-0.00365202473879656,-0.00169133060373472,-0.0061957499788301
"141",0.0164012263521691,-0.00228403129188237,0.00205495616007667,0.00331491438790366,0.00969042183849655
"142",0.00987149203263371,0.0156957059548049,0.00137744764983871,-0.00054421430747631,0.0217913010121391
"143",-0.000953666434526212,0.00380610687438043,0.0064804357409507,-0.000779444456148859,0.00991563642537319
"144",-0.0169121018405054,-0.0033224486501382,0.00063991130032548,-0.00153559956037075,0.00793613199883669
"145",-0.00194267524589442,-0.000478547378515159,-0.0033349969142229,0.00502324794336317,0.00844752808880944
"146",-0.0336163291007114,0.00512262468580538,-0.00381466511689865,-0.00964436762243714,4.09266448819778e-05
"147",-0.00816261216632341,0.0025131579675044,0.000161079133249586,0.00363944360111024,-0.00354035475620407
"148",0.00236836796364059,0.00759799252375259,-0.00447552777711202,0.00088151688223892,-0.00286220500337286
"149",-0.0244492289394085,0.00245404514437197,0.00108769313072443,-0.00598040543743661,0.00873072554857313
"150",0.0376973878316527,-0.00230759533195446,-0.00217657077336497,0.00674610337342951,-0.0152946620468919
"151",-0.000118420273690134,-0.0014377490582671,-0.00166510163929345,0.00129480516916569,0.00492487130770503
"152",-0.0124785630523263,0.011196702597859,0.005646976642943,0.00487925709696935,0.00347544639354691
"153",-0.0100892698409307,0.0156600590732889,0.00272385392307939,-0.000477383541575449,0.00582212451117936
"154",-0.0169452692152188,-0.0070876357104428,-0.00944793480531381,-0.00804560235559748,-0.0171393004292471
"155",0.00010559476259786,-0.00237542345041675,-0.00998536379032977,0.00200872679637865,0.0231842342150994
"156",-0.0152858827227274,0.0127032656027293,-0.00998054290996642,-0.0163009134703964,0.000651815313942095
"157",0.0220907776198711,-0.00885046262974853,0.00145979918154104,0.00853926145203854,0.00111446451743369
"158",-0.0462720131768997,0.00496485708165295,-0.000421149825719169,-0.00255005097883565,0.00424740660905254
"159",-0.00936176267464006,-0.00844232622130114,-0.00360228924163053,-0.00278981666290345,0.00260894917268217
"160",0.0529559294788218,-0.036362089038203,-0.0214431822275376,-0.00172538417270385,0.00797356965397711
"161",0.00365618327814587,-0.00753349457707131,-0.00779001974465388,-0.0208778486004606,0.0027564650890044
"162",-0.0347701997417182,-0.0115909612514802,-0.0143912008064326,-0.0115170799971454,-0.00622643978898374
"163",0.0477297940431463,-0.0240802271006206,0.00827797641225381,-0.0150274136746695,-0.00636457274340874
"164",-0.0329420938887655,0.00913099487922509,-0.0287382173715596,-0.00813330076038188,0.00599806956983961
"165",-0.0332721100617075,-0.0224845632666231,-0.00253076032716493,0.000144967452102129,-0.00726019498389174
"166",0.0259235399949418,-0.014066774679435,0.0182954209400545,0.0128018133755461,-0.00652023344922359
"167",-0.0258314598114531,0.0390500142392405,-0.00686944475221551,0.00910111612015552,0.00661740848354775
"168",-0.0350623820760667,-0.0205218607285431,0.0166466979671114,0.0193853705517286,-0.0072698980824466
"169",-0.000400598996229462,0.0261007223290903,0.00429070341952098,-0.00732610069111495,-0.00561656571716096
"170",-0.0329342049741719,-0.00374551791756517,0.00304238498590514,0.0122283057558548,-0.0104279024329408
"171",0.023926171047421,0.0100347001459511,-0.00476269438776633,0.00702869029605413,-5.99127239624409e-05
"172",-0.0280559179681532,0.00632850500882043,-0.00395229488531079,-0.00150269679126147,-0.00515731456747925
"173",0.0355172793187926,-0.00382892349427699,0.00606317130544731,0.0118683645937558,0.0204980920776467
"174",-0.0247838646038918,0.0145062317877844,0.0080428723025836,-0.00138631599052275,0.0149269054477861
"175",0.0249176221398937,0.00668268995048393,0.00150186921979056,0.00621079695358162,0.00757581190330736
"176",0.0428612993593251,0.047125239223174,0.0127441024078845,0.0116631145259039,0.0120976387828966
"177",-0.00449488432568401,0.0269704905254127,-0.0142304620559006,-0.00295278204844696,0.00435344613940725
"178",-0.0126942360803728,0.00442900563098547,0.0130994626774417,0.00568431071217113,-0.0042633671523804
"179",-0.0199564623618258,-0.00858829444095299,0.00184871243216911,0.0037684038179453,0.00223394931252674
"180",0.011071339235059,0.00522085657048166,0.00243932300555905,0.00034952512292552,-0.00275052713326396
"181",-0.00940090738178156,-0.00593280766373816,0.00669268499588505,0.00311532710763185,0.0220914437762465
"182",-0.00477191753338779,0.0202681317428333,0.00243227889349384,0.000696451657019814,-0.00104702686757108
"183",0.00957779978714868,0.00425052704973616,-0.00247762728287704,-0.00070136272063781,0.0095394576406429
"184",-0.0216178225312831,0.0113177956466259,0.00369909454372497,0.000529704401583508,-0.0030540235592369
"185",-0.00142832350712574,0.0056210496823752,0.00284425238424646,0.000240241233654181,-0.00301453372956217
"186",-0.00999726852275096,-0.0300057234625957,0.00264138977703254,0.000735088777762627,-0.00164097396820129
"187",0.0155831219819671,0.0215790916672702,0.00554516337126998,0.00512084957906112,-0.00713253181790829
"188",0.0254128824089097,-0.00319411541520864,-0.00186487888583642,-0.00150228681447917,-0.00259216073028679
"189",0.0490023684105676,0.00396925155742878,0.00806103795284763,0.00718837647203419,0.0145575952702375
"190",-0.00936905057459825,0.00288273947329465,-0.00292239538373806,0.00170923820169744,0.0318485827625858
"191",-0.00836809842484598,-0.00138190487045442,-0.000282297269935228,0.00280205255492394,0.01441886949255
"192",-0.00790806038096292,0.00437784985524914,-0.000981295794744597,-0.00254566438022064,0.0295160784605732
"193",-0.0446488536895231,0.00743228463776724,-0.00989621590192868,-0.00685278973916059,-0.000812488320481641
"194",-0.012802300199354,0.0041483295313185,0.0127926804869691,0.00636416703985621,0.0303388596464957
"195",0.0136245035593436,0.00323364261288184,-0.00378937492362219,0.00375767369059687,0.00592425765510995
"196",-0.0172153807764879,0.00936779110953978,-0.00555394022452127,-0.00116257161119471,0.0424795884370814
"197",0.0109265342195926,0.00185649044913561,0.00944709152107315,0.00166383144824511,0.0131592937406699
"198",-0.0336018157328439,0.000847354576169579,-0.0105255701521774,-0.00728302186219132,0.0277664438107612
"199",-0.00161247011556931,-0.00683992129346933,-0.0216192991737767,-0.000237852197481736,-0.0549680318505494
"200",-0.0129336780516827,-0.0227569705053199,-0.00452819377673386,-0.016486120835066,0.0279145366852349
"201",0.00629723735957732,-0.00895187849468293,-0.00590970565449211,0.00452543377123771,-0.00484492469054132
"202",-0.0379964573450042,0.00659448255360573,-0.0252475887351586,-0.0163464657921013,0.00392509677000863
"203",-0.0206909013664855,-0.0157921441677011,-0.0188897817088858,-0.00636278618551067,0.00517613265924854
"204",-0.000233975348573168,-0.0203275596965788,0.0238294243229777,-0.00852526004308629,0.0227952510060208
"205",0.0356486631168966,0.00383679175570073,0.000742040413950207,0.0201480735367578,0.0129888243371479
"206",-0.00448514279291601,0.0229409307885398,0.0202311137632591,0.0237313744836403,-0.00114374468432388
"207",0.023537210959816,0.0236205338191979,0.0121895257322144,0.00455963802882131,0.016566704659601
"208",0.00942155066848649,0.000779443490378284,0.00478592439196213,0.00380322261586841,0.00604523875257179
"209",0.00939291024375422,0.00535554862960197,0.00859943894741733,0.00577104565700726,0.0128891610974602
"210",-0.0116699965584441,-0.0158653399518851,-0.0131256389158807,-0.00490059269736509,-0.000695052352943648
"211",-0.0510754538806673,-0.00241303713314167,-0.0200250135770865,-0.0291516187592746,0.0567047642837011
"212",0.0101343022758211,-0.0306522899043422,-0.00793204785051493,-0.00893325483918783,0.000276635880295473
"213",0.030003071304419,0.000126782579316753,0.00833706616250929,0.0115627358160442,0.00669347266865294
"214",0.00965743980524181,0.016549536325229,0.0231268983026567,0.0177301685361213,-0.0241478945318327
"215",-0.0223327058913707,0.00178268701115059,-0.0105424240692358,-0.00843932215298615,-0.0024453902428192
"216",-0.0164740209239529,-0.00641787902442381,0.00630212171870603,-0.0107085026247082,-0.0153701196445652
"217",-0.00827694717742311,-0.0172211094047476,-0.0237740310967478,-0.00583002858816606,-0.00398406684877628
"218",0.00794384978499529,0.0184486232015004,0.0171180154186761,-0.00929090321018489,0.0347709801363045
"219",0.0204246457906727,-0.0143963909994866,0.00789330588747283,0.0133348931859034,0.0119293343981379
"220",-0.0235319546316379,0.029340922071583,0.0105996700230193,0.00154875249129915,-0.0621443224864837
"221",0.0277460873530302,-0.0049540235729264,0.0161674322922369,0.0047204648795427,0.0463579663679887
"222",0.00443918148196332,0.00280495770378586,0.0101445788887062,0.0151543129616831,0.0059196341936012
"223",-0.0136026044109769,0.0104895585235827,0.00531201555163463,-0.00550665628783698,0.0025152474171346
"224",-0.00406771865014477,-0.00247170719894108,0.00286442446162027,0.0025651682269423,0.0093299034117198
"225",0.000288160713338925,0.0170156376397106,-0.00597188601507348,-0.0134782877843405,-0.00897312659745353
"226",-0.0186117579751972,0.00154255265642789,0.0020971305944375,-0.0135875029854553,-0.0141837685638535
"227",0.00140377365729805,-0.0107062788313694,-0.0022439497554263,0.00948951714801005,-0.0132257776988887
"228",-0.018042107655651,0.00386444634983896,-0.00902663887165644,-0.0130770991237998,-0.0160499535176832
"229",0.0157153796400475,-0.00660482368075321,0.00490692619213107,0.0128791703225923,-0.0258942847096826
"230",0.0271817179743987,-0.0127353219435999,0.0130655285557228,0.0143362382277425,0.0241933254985121
"231",0.00685903060532134,0.0195862115266436,-0.00171861053494915,-0.00416470631283339,-0.00965075556181993
"232",-0.00135992307963129,-0.00989800375382366,0.000859674397377219,0.0102388108233749,-0.0119148975657257
"233",-0.00901807674480004,0.00818599697439737,-0.00182225093664279,-0.00342402769471661,-0.0195176027828232
"234",0.0120398704189029,0.00358761240117822,-0.00236654557810567,-0.00425623956942545,0.00622816612120758
"235",-0.0178362731559325,-0.00335081068201504,-0.00118541196590982,0.010618979721448,0.0149020244593725
"236",0.0208691518606798,0.0183568993449637,-0.000146442900073041,0.00956926077843789,0.0100786134131461
"237",0.0220236716567772,-0.00369772644009814,0.0066269731748978,0.00406645934045802,0.00953738752001065
"238",0.0229396961590336,0.0368187545329874,0.00896527848639828,0.00801273228534072,0.00777787152653353
"239",-0.000965511989422296,0.0107351598456855,0.00205980482044765,-0.00147711854171728,0.0213011635001585
"240",-0.00344480910401757,0.000646577170760665,-0.000431766495266217,-0.00296068293759255,0.00361468183642444
"241",-0.0109548481617896,0.00153842147123129,-0.000878514508022121,0.00610623838037583,0.00781816648441769
"242",0.00553140916817441,-0.00062274521047101,-0.00744777360691629,-0.00454887294390804,-0.0221949317733507
"243",-0.0164292497810656,-0.00594693851672901,0.00435971756663456,-0.00439816123077552,0.00503806735667034
"244",-0.00204298267085079,0.00257587455289254,0.00603733772101123,0.00119536536275699,-0.00951503564294853
"245",-0.00765355618479369,0.0116196249679117,-0.00710745422830783,-0.0142753562195637,-0.00224636162726455
"246",-0.0161355631596365,-0.00955737197442197,-0.00512026611269079,0.00393666241764379,0.018712262488993
"247",-0.0182207474309291,-0.00669815288052433,-0.0255844811205144,-0.017106821197868,-0.00496013867765299
"248",0.0126134657210901,0.00312448994368886,0.00278602346005918,-0.00191952070345813,0.00146930556960889
"249",-0.000531773477035813,0.0141904798266932,0.00587426929310375,0.0125227022377192,0.0175971814452449
"250",-0.0058270918708434,0.0137608733005834,-0.00303665693289368,-0.00609323717440802,0.00701790155085824
"251",0.00517221300002646,-0.000425422548884669,0.00937642979323172,0.0134429089960602,0.0223966049445448
"252",0.0289933859039202,0.00987207309838745,0.00491142113657261,-0.00332569765570323,0.0154033029562761
"253",0.0243797127460876,0.00551445153288199,0.0156139943626048,0.0120851016447512,0.0210325677366328
"254",-0.0111632697139044,-0.00348119818521297,0.00245904995386326,-0.00488448890259008,0.00138834326513404
"255",0.0196856368146072,0.00428622829050163,0.00860942847760882,0.00897238213196072,0.00973594334291761
"256",-0.00113598086825029,0.00987627870290986,0.00216215995659397,-0.00174725671037557,0.0192776585234462
"257",-0.00777461513708744,-0.00207312214489974,-0.00256093009207525,-0.00615834576099061,0.000997917462983722
"258",0.00681090826066111,0.00165992393822734,-0.00409690233093229,-0.0146659264438469,-0.00834669954793199
"259",-0.0249529727567381,-0.014028730312166,-0.0137836157215379,-0.00238033098804724,0.00582010029747515
"260",-0.00963503853059322,-0.00957199436219014,-0.00586167879403199,0.00236576112412124,0.00244154276525244
"261",0.0226578206128085,0.00650023884433182,0.00529593018313967,0.0121623823073698,0.0255366797555592
"262",-0.00181653092639777,-0.0105862551864426,-0.0173301229646512,-0.0088346859011752,-0.0102647017546627
"263",0.0226544403203945,-0.00900331142906552,0.00537457579410727,-0.00397325460309794,0.0165109405180246
"264",0.0151930467590589,0.0144965462292372,0.00351829139584403,0.0035234525311898,0.00405705978596593
"265",0.0113429135140422,0.0168282275424563,0.018601046166701,0.00452303984813884,0.0348285299955897
"266",-0.00126641231191371,0.00757143695547846,-0.00351098316149923,0.00267894145243641,0.00840435086124813
"267",0.00264274701565803,0.00744626352429378,0.0111806682016127,0.004447576210592,-0.00937518987725738
"268",0.00760994997938091,-0.0015103315464291,0.0105493852676162,0.00518937692086574,0.0192142101593813
"269",0.000479465957882397,-0.00010900534995173,-0.00360320024467953,-0.00459180684247329,0.0214340030297908
"270",-0.00476798596910299,0.000161688784743319,0.00155591424404378,0.0016284321389497,0.00335464229123339
"271",0.0172087147679747,-0.00195683555955029,0.00303413285055321,0.00513498908181376,-0.0125071109131838
"272",-0.00447109593027406,0.000805410525144268,-0.00512808021989741,-0.000778746958332022,0.0267343712181294
"273",-0.0132379106850404,-0.0117804407095559,-0.00937743373661171,-0.0113757039050322,0.0218050037617754
"274",-0.00360206858332646,-0.00093621083992268,0.00818702191545739,0.00919274825019833,-0.0165139382746879
"275",0.0157968923688383,0.0251172555615078,-0.00339480344252685,0.00359288054192763,0.0421199725454375
"276",0.0193656212438551,0.00266606967231198,0.00362167422952631,0.00235494098298616,0.00363410554260568
"277",0.0161921616777896,-0.00833732568044709,0.00240718299389897,0.00225026646283322,-0.00472782891566048
"278",-0.0188895199037695,-0.00183578383867911,0.00469849320295523,-0.00414991298962608,0.0299784206020544
"279",0.0049754474108763,0.00377745821193187,-0.0104001786411345,0.00276540448890294,-0.0113691504895854
"280",0.00744373801499698,-0.0272353178102591,-0.009992135442209,-0.013927901159267,-0.0077507820707865
"281",0.0122317035395874,-0.0117500857180541,-0.0106301150439645,0.00119323556884865,-0.0770654690757517
"282",0.00399755069041419,0.00450978576350103,0.022938008836153,0.0133681481498069,0.0225308042124066
"283",0.000839557182924722,0.012396060917272,-0.00240111836883372,-0.00510255667790105,0.0299025681121829
"284",-0.00710597872079788,0.000200260156228538,-0.0137644916865778,-0.0029539964693166,0.0154866925025274
"285",-0.00742288940782032,0.00710246299302497,0.00227614272180254,-0.000305001424704798,-0.00580143655239596
"286",0.00504296426576545,-0.00988850885488191,0.00336143017376855,0.0107216046471983,0.000582876042525271
"287",0.0103946294378563,0.00827824624819051,-0.00179423739238871,0.000768118444979926,-0.01602891491736
"288",-0.0184222462887931,0.00794234080233913,0.00120606818345514,0.00304331261267166,-0.00586574606437118
"289",-0.0126229261720496,0.00681980357627054,0.00375253892078753,-0.000643581575864083,0.030817261131773
"290",-0.010833439286202,0.00846187272662391,0.0017425170215688,-0.000930949230348865,0.00648396838910337
"291",0.00383591500505176,0.000312310846943831,0.000884428205292664,0.00233514557838888,0.0185246998238782
"292",-0.0134262079492764,0.00304152236111754,0.00259166191075089,-0.00223638478974664,0.0279051662678924
"293",-0.013832657346784,0.00850433974499332,-0.0118307607561494,-0.0103352051802652,0.052957131808272
"294",0.01123628160523,0.00171594068258685,0.0120582204087469,0.00912091879004606,0.00625559965690847
"295",-0.00480539127493884,0.00384559664285966,0.0010800042484771,-0.00126756372621095,-0.0672599040196378
"296",-0.0227861754760106,0.000568627548059197,-0.00805691235484751,-0.00633851495443949,-0.00184617958300493
"297",0.00512332037274099,0.000326684018654433,-0.00441955146117401,0.00205734307698524,0.0459789829434616
"298",0.0224682463782084,-0.00129786956553701,-0.00364508045580436,-0.00100910478042859,0.0167961314821987
"299",-0.0132334265393883,-0.0033976282029613,0.00319915471742149,0.0021166291368182,-0.000111771850258791
"300",-0.0103291182763847,-0.000616077297783235,-0.0212147309657844,-0.0100977773375686,0.0227770480503775
"301",-0.00308178306544882,-0.000181383834126692,-0.00214792689862087,-0.00649556042135568,0.0214257164741998
"302",0.000113608391995257,-0.0177986257210119,-0.00534566100003886,0.000418265496527681,-0.0035814456595169
"303",0.0198709346257306,-0.00248819712331283,0.0112632873635494,0.0119704918361236,-0.00146739013789698
"304",-0.00347697091789989,0.0166522224200438,0.00239824491638174,0.00173711663812259,0.00304208377916204
"305",-0.00637165005852047,0.00118212075476976,-0.00906727250962902,-0.0070188746545119,0.00870098287509435
"306",-0.00394418556881426,-0.000945757240780054,-0.0110260764851446,-0.00463328924790396,-0.0202086192258619
"307",0.0105579415778063,-0.00638935782464678,-5.95952486772688e-05,0.00567373031353036,-0.0352908042337763
"308",-0.00847121969866116,-0.00191070149049644,-0.00440605006347639,0.00197768423147515,0.0163297641880806
"309",0.0184211818135349,-0.0113629031386395,0.0040781031235877,0.00985400013693116,-0.0374363904377848
"310",-0.0090751447004731,0.00913337077464149,0.000387542188565959,-0.00531761523853902,-0.0663026625122516
"311",0.000427823408466921,0.0309992104939543,0.0183683612970782,0.0067120344369016,0.0216750570564308
"312",0.00131951884591608,0.00281252426584011,0.00144738626436869,-0.00738046569667361,0.0245317371343976
"313",-0.0124652376986418,-0.00464122991964189,-0.00542022642452089,-0.00297800390407499,-0.0352330538890921
"314",0.0156916450960214,-0.00314628287347141,-0.00797845326531998,-0.000390156049689949,-0.0768452997420113
"315",-0.0187427822215032,-0.0292160977601981,-0.0199196359296536,-0.021086969192055,-0.0339214336647977
"316",0.00126301916031224,0.00623519833961517,-0.0151431573866105,0.00265496194295345,0.0538390160184026
"317",-0.00610362914919094,0.00461431721441663,0.0133441075462688,0.00691209669929282,-0.0536737404996241
"318",0.00657449658987375,0.00945765101676521,0.00330837017818375,-0.000308070392667226,-0.0353852128662346
"319",-0.0181849104072818,-0.020199269583367,-0.0144007294279085,-0.00386923244265525,-0.0356028475568237
"320",0.00373231175992572,0.0130641093829631,-0.0159628304707837,0.00606256053312659,-0.0130048128199967
"321",-0.0107947190382518,-0.03185918046767,0.00905375694932786,-0.0167929648234564,-0.0608214716056192
"322",0.0155024039131497,0.00213523109000668,0.0277590473077343,0.0145226337983013,0.100453063365043
"323",0.00998967724743949,0.0155479712222686,0.00963368449047408,0.0110052687613678,0.0235950568237175
"324",0.00225653079071186,0.0146048215538954,0.00234213558620411,0.00444327299128133,-0.0116281499584954
"325",-0.00635006514754188,0.00381897934935438,0,-0.000735256382355054,-0.0307349577206377
"326",0.00317065150685814,0.00666235148622185,0.00630249322260035,0.00798273357816903,0.0045807974591181
"327",-0.013812688775074,0.00246300732486304,-0.0031536325239987,0.00110557185224902,0.0344936302770584
"328",-0.0167222822458459,0.0092089091552463,-0.00088598814336116,-0.00349985978760525,0.0151282616901316
"329",-0.0108996098106964,-0.0119850326172681,-0.015153201999361,-0.00239056521227798,0.00208109582406557
"330",-0.0220216796065316,0.00437425635645283,-0.00184649927937031,-0.00569221021230693,0.0240203737707052
"331",-0.0113273903560529,-0.00676330810419756,-0.0113641317447275,-0.010761020698431,-0.0129387985752665
"332",-0.010410169332852,-0.00950888467213495,-0.0114178204007747,-0.00579175469573467,-0.0886493928697227
"333",0.017613178785842,-0.00104274869148036,0.00768735331029902,0.0123100735978525,-0.0169336504881716
"334",0.012879884002329,-0.0012788246169535,0.0114817693748588,0.00729214275694812,0.0338634447819341
"335",-0.00695015879122352,0.0107736955129081,0.00569929170410255,2.83671633782845e-05,-0.0222564462379538
"336",0.0192141835360129,0.00303639638054598,0.00410019183954624,-0.00227410383798432,-0.0114093329558251
"337",-0.0143958606238481,-0.00180538956528054,-0.00115050660148519,-0.00276069402668266,-0.0112044843439545
"338",-0.00159687047387003,-0.00135140194222849,-0.000299060946469254,-0.00225223930882024,0.0362234330172893
"339",0.0045642612497474,0.00455586014000531,0.00979244434931381,0.00310983840925516,-0.0166346456161701
"340",-0.00550361316604508,0.00244092808671148,-0.000785185269423394,-0.00778319577967057,-0.00898141757085824
"341",-0.0290928133726656,0.00290517491533393,-0.00424788212898797,-0.00287902322429456,0.0223257641815522
"342",0.015848386446363,0.00405116455176469,0.00263108132539536,0.0127268359757942,0.0480267143482145
"343",-0.00570994693349824,-0.00423504784085793,-0.0107010645967858,-0.00960306502341179,-0.000129088379088316
"344",-0.0140367582742922,-0.0159552104279985,-0.014098438166835,0.000949603893046103,-0.0106442462427481
"345",-0.0078425265547537,0.00989466769537373,-0.000441476471266355,-0.00127602574827979,0.0174055967466114
"346",-0.0105112046308555,-0.0037018921030274,-0.00268307349007202,0.00390433204198271,0.00272202226869744
"347",-0.00614412067442061,0.00490089766086754,-6.11235783729569e-05,0.00519789154605732,0.00711976812548798
"348",0.00494360241188829,-0.00319560687999676,-0.00367068315366481,-0.00262898268279343,-0.0634439621919238
"349",-0.0183546024090564,-0.0162761526935586,-0.0189954213177366,-0.00828913667207143,0.0121834339927975
"350",0.00130849359596574,-0.00939546972642624,-0.00557498637248521,-0.021325960481545,-0.0348147014681146
"351",-0.0201156519097605,-0.0302885732067981,-0.0287062473926234,-0.0323692421132389,-0.0436618032783809
"352",-0.0307388508059869,-0.0471510537665534,-0.047797605880664,-0.0402114444918844,-0.0887317154206944
"353",0.00470292605198352,-0.0403924730329859,0.0304525806084825,-0.0136142499639105,-0.0793754343552724
"354",0.0329672282509765,0.0315158891637211,-0.0169316444845578,0.0382912997435536,-0.0127894898592551
"355",0.0357786714456338,0.0106957761603201,0.0349713239252853,0.0240072542785086,0.0520184211788255
"356",-0.0118269727571239,0.029801703745667,0.00898725531496503,0.00060855118835601,0.0471146095061528
"357",-0.0362121374661015,-0.0520534964248505,-0.0307831469129507,-0.0384497282311402,-0.0205434137667329
"358",0.0214711155563396,-0.00387683593330124,0.00408503514891301,0.0181276710264706,-0.00204117165449702
"359",0.00639308808651506,-0.0376324610414756,0.0102704704278427,0.0104894442313359,0.0032492624236955
"360",-0.00224793766183851,0.0742616861572447,0.013398056005812,-0.0139950357100282,0.0226521707043243
"361",-0.00328463922795841,-0.0254067613846658,-0.0118211111295654,0.00526407544510477,-0.0140341288210823
"362",-0.0022173196749371,-0.00193625457360014,-0.00619217224398483,0.00447700656464356,0.000731720743159414
"363",0.0188086626634938,-0.0164796519915367,-0.00544151792835379,-0.00409804146269543,-0.0270595633769535
"364",0.00173277308110364,0.00337747301234792,0.00867279726397641,0.0127496878742788,-0.0358294895609923
"365",0.0247935383266231,0.00801810025025596,0.0148141427091453,0.00866774082813926,0.0477857443655889
"366",-4.11929477728279e-05,0.0142429930385237,-0.00679762839437359,-0.00256434473252298,-0.0212250564747034
"367",-0.0268658854985908,-0.0198381293169572,-0.0134896239462403,-0.0162962310196422,0.00383441579982602
"368",-0.0426184898971762,-0.0279677218906311,-0.0236385653385618,-0.0132589340562834,0.0143482227173042
"369",-0.0102305520420423,0.0174142238280002,0.0244409664035796,-0.000465901586886197,-0.0161478453436956
"370",-0.0196879810611001,-0.0132526239341182,-0.0248772098287358,-0.0260012110067462,0.00271566131872447
"371",0.00397325954940975,-0.0413218545010761,-0.00837539237418738,0.00123209375925271,-0.0204014998315252
"372",0.0207875992277327,0.0266521606273127,0.0254633163376674,0.0188958983535743,0.00480849398750216
"373",0.0860288487045349,0.0423949743859335,0.0503788796117721,0.0474989361693998,0.029238335691165
"374",0.00469298438648558,0.0162661488317006,0.00647338512587403,0.000724848591430849,0.0125806161521727
"375",-0.040853242052652,-0.0111215068973092,-0.0115846245989051,-0.00557415959002761,0.0339969077414572
"376",-0.0138830586501442,-0.0190307853701039,-0.0115288755536174,-0.00472743082671467,-0.0093931769485831
"377",0.00960900534085951,0.0114428813280103,0.0109611584813543,0.0147435512951724,0.0229180307246803
"378",0.00158903388415865,0.0107122402008688,0.0061808377190129,0.00456006137448739,0.0158349831977986
"379",0.00445698487136603,-0.00881702289538033,-0.00403764723669475,0.000270509028434951,-0.00137269549691332
"380",-0.00782873957401975,0.00417850375641571,-0.00113404442273257,-0.00142210073671301,0.0113418587241689
"381",-0.00108391879096814,0.0188860569779443,0.00051992028586767,-0.00584244934317724,-0.0310294560210753
"382",0.0157390535607664,-0.00640227571146923,0.00438516402763511,0.0164908473280025,0.0143701103313685
"383",-0.00366995976506246,0.0209035744834836,0.0105770374716965,0.0109699536892025,0.012887349174898
"384",-0.00818518166023985,0.00645014444960879,-0.00421427994525914,-0.00191493266193721,0.00501226862409077
"385",-0.00352247531387384,-0.00901709888415247,-0.00808938574730433,-0.00255738583438969,0.00138547239584774
"386",-0.00644035323436931,0.00668687598381723,0.0113255035348399,0.0117704884483798,-0.0173701746695194
"387",-0.0241001606669826,0.00172793419483064,-0.00654534210533164,-0.000449875597454685,0.00358414470555779
"388",0.00526794446456336,0.00775349918865764,-0.00544016067272857,-0.00482148183896491,-0.001404429504543
"389",0.0393515118978005,-0.00821837879301768,0.00811023765954033,0.0109765627203622,0.022531381239693
"390",0.00703867897556343,0.00996240947004878,-0.00751306586747269,-0.00113278977860176,0.0180970410015107
"391",-0.0237569878184019,0.00777396505512939,-0.00174547714372153,-0.000347682033036811,0.0188995636084925
"392",-0.0155511435624689,0.0193867141938462,-0.00926555921158112,-0.00987129063476289,0.0157111991575629
"393",-0.000346417826660783,0.00145085949039903,-0.0031662076488459,0.00150945535619673,-0.00175536633048168
"394",0.0190044757031362,0.00102284076659132,0.00348385955870789,-0.00323330746417927,0.00267844682391605
"395",-0.00385315913825046,0.000323891143139576,-0.0189971962098241,-0.0140891631915299,-0.00476358529699361
"396",-0.00785862868202436,-0.00513349859520851,-0.00982367662719064,-0.011270640608152,-0.0144346439542158
"397",0.00706913530370024,-0.0104241818414348,0.00458228033953034,0.0147933026272655,0.00726732768524663
"398",0.0085233525189583,0.0121434182467297,0.0197183890346562,-0.00134027701851203,-0.00059960716310492
"399",0.00397110910098064,0.000944446071356353,0.0016258144703194,0.0160332300153074,-0.0101285049378017
"400",0.0147112252904638,0.0106625279087016,0.00807369062894026,-0.00112374038159935,0.0135257203382313
"401",0.00300758344586782,0.0032716162805464,-0.00836037051367811,0.00378858169797613,-0.000262395144321914
"402",-0.0297864397801852,-0.00388764620307214,0.00957611110154843,-0.00012914090666527,0.00876016251714162
"403",-0.0214370943645701,0.00183025369177336,0.005915330339894,0.000593441447398924,-0.0597636867331577
"404",-0.0165511015043212,-0.00688692574263072,-0.00300049655419876,-0.00465179999034948,0.00264528959877275
"405",-0.00161921802765264,0.0133266835980947,0.00621092291122594,0.0106239390884877,0.00315981273555366
"406",-0.00293457448098167,-0.00371807899596632,0.00393235948412851,-0.0110565926159163,0.0230507787499565
"407",0.0323767711012479,8.8747109408871e-05,-0.0229847945119843,-0.0144778266483376,0.0134573132858016
"408",-0.0224958807505473,-0.0220785621653015,-0.00586580690986338,0.0203178562611113,-0.0168312218398476
"409",-0.00304689805619596,0.00988053563416891,-0.00237522864908968,-0.00701404393919702,0.00338012102838903
"410",-0.0173983377320468,-0.0104898561444848,-0.0142897402065767,-0.00651105239957239,-0.0190834853541428
"411",0.0367790014951392,-0.00987433550926831,-0.00138640848337701,-0.00776908647592567,0.0006824325559176
"412",-0.0103991606330638,-0.0132745270880807,-0.006320238491897,0.00224885640741501,-0.00489146737924706
"413",-0.00809738840276708,0.00961052096618609,-0.0224743979338236,-0.0196138675856385,-0.0060707968125282
"414",-0.011465518335438,-0.018212260583951,-0.0133087908539675,0.0047442879213806,0.0247557809013159
"415",0.00278958883853875,-0.0169576983643456,0.0241688381300467,0.0105625802189007,-0.00293384729494406
"416",0.0032039899249412,0.0257357997714109,0.00718612083241688,0.0144106355653522,0.00166027902679922
"417",0.00542775239506987,0.0158140247492877,0.00679069083326134,-0.0151547762903474,0.0179853602481241
"418",-0.0302808763561284,-0.0191323683363436,-0.00824365188162268,-0.0179574950935821,-0.000289123435290861
"419",-0.0163243629198533,-0.00373488472364336,-0.0029121897321609,0.00774830643659197,0.0175891470923322
"420",0.00623054975063475,-0.00155122789307249,0.0079717688994041,0.00877809594203427,0.00254863352121681
"421",0.00422387111618505,0.00504537378975023,0.0373499774943138,0.0191344084918219,-0.0244017283241647
"422",-0.00698821289033447,0.00270836388941298,-0.0064343640086495,-0.0072433987852536,0.00256141091010242
"423",-0.0282855647096678,-0.0310941559465121,-0.0292238619221568,-0.0248785267240921,-0.080582964296612
"424",0.0065752365558378,-0.00418088923069426,0.00716244172825498,0.00201020425962906,-0.0025963438794534
"425",-0.0153461772609713,-0.00999204756633709,-0.0104500799464322,-0.0132021629158556,0.0222969102146067
"426",-0.0261449630327455,-0.0235826428159935,-0.0198384895724963,-0.0239858165446307,-0.0730535611621121
"427",-0.00204164534002693,-0.00391249965326423,-0.00702825056298373,-0.0108975376927827,0.0194606449433135
"428",-0.0274085499477632,-0.0274382749366193,0.00283750576519815,0.00862542271715938,-0.0526917913768283
"429",-0.0145303226860971,0.0284361924348584,0.00534892269214282,-0.025282375384065,-0.024535236630669
"430",0.01417595510196,-0.0271600264273388,-0.00720587068052758,0.0165580611849352,0.0194901607612135
"431",-0.0238518269092296,-0.00545771274979323,-0.0194678003022322,-0.0218357728207446,-0.0361135320176933
"432",-0.0133638091477248,-0.00577506259307192,0.0124477816469124,0.00053168018744465,0.0361434845331123
"433",-0.0108848925480363,-0.0377865380497724,-0.0351885087312063,-0.0117627660262425,-0.0103753187449138
"434",0.00191077789619243,-0.0246011330443441,0.0175065546642852,0.00518198853995866,-0.0328557012728794
"435",0.00829069542642102,0.0571040343542393,0.0216219420766528,0.0200807267904768,0.0124479111148288
"436",-0.0141406868485046,-0.0148293758654994,0.00194725540935714,-0.00171630706375492,-0.0588828346562158
"437",0.0231713344235676,0.0268679666029357,0.013258565180541,-0.0109229224533678,-0.00518721941590261
"438",0.00659691247842709,-0.00716093563242559,-0.00983049610960052,0.00551335062318881,-0.0296419292571297
"439",0.0449491121131604,0.027597527454887,0.0253017933026101,0.024458651059442,0.0303881138251647
"440",0.00405058842700612,0.0196102986741415,-0.00390315092799298,-0.000443334664320005,-0.0179665779303164
"441",-0.0498802330602182,-0.00643258445322203,-0.0230520880871889,-0.0189209689346574,0.0223294785239343
"442",0.0254026577371267,-0.0320232741358755,-0.0144401147269377,0.00497962002234864,-0.00376146988024395
"443",0.0306698498765865,-0.0085442010456962,0.0105147923846154,0.00152556835801843,0.0151357366184373
"444",-0.00565014891492588,-0.0133120634092556,-0.00863206841501984,-0.0186541580951998,-0.00632375050415046
"445",0.00873196620059957,-0.0465594643484888,0.00240815409704531,0.0082264387986255,0.0261008674020884
"446",0.0165421129994581,-0.0136762205434202,0.0282717353895201,0.0163461105044709,0.0107880910229188
"447",-0.00368191586579947,0.0225050960317184,-0.00971484873167938,-0.00467663200242985,-0.00155136011962043
"448",0.00156586919650081,-0.0142789458816779,-0.00365701446693834,-2.60334080879332e-05,-0.00100370902306235
"449",0.0399213170247101,0.00897062593060483,0.0145983118110848,0.0143507312538782,0.0232088447776633
"450",-0.0166522808708898,-0.00366880474058995,-0.0125668970516468,-0.0125325773268097,-0.00817909337541955
"451",-0.0103066888779644,-0.00852485471902753,-0.0160787283989041,0.00442995987971617,0.00876684138473127
"452",-0.00469199293605094,0.0140100176612687,0.0245129462356548,0.0112843665533235,-0.0662133194063053
"453",-0.00706750584989635,0.00297384559729963,0.0137423205781513,-0.0018718651532712,0.00942733885765179
"454",0.0284660219671657,-0.0100357531613398,0.000180445988984701,-0.00815413142239674,-0.0290499666833846
"455",0.0305606184288134,0.00365904163049358,0.00911023509082298,0.0235883858535111,0.0166724675622865
"456",0.0173233563162007,0.0402734610351452,-0.000943057630868438,0.00408594956528141,0.0417449467262925
"457",0.049963695918704,0.0126747602315795,-0.00270412914297857,0.00349263419912393,0.00352999989174752
"458",0.0393079126360085,0.00321526324533039,0.0111761846762857,0.00330043995646978,0.00501889938136646
"459",0.00327465690111772,-0.00609909844652989,-0.00274596762203316,0.000884623035136478,0.00803717988233288
"460",-0.00292837887714725,-0.00760780837505592,-0.00926248532262619,-0.0113037560546747,0.00139578070201285
"461",-0.00893968128999845,-0.0084338388155949,0.00340619860427793,0.0050396727822184,-0.0134739858958648
"462",0.0184458994425736,0.0125484984835644,-0.0179927057006726,0.000155792534013877,-0.0204090219906821
"463",0.00137082976814185,0.0051208403998011,0.0169345992530978,0.0162625455332446,0.00198781124827452
"464",-0.0156744930455943,0.0172587402967928,0.00565198238080278,-0.00126176824164403,0.017352753578793
"465",-0.0361925811079384,-0.00679344118629643,-0.00561937680038582,-0.00183863096500048,0.00170126182974606
"466",0.013341540246337,-0.00836700293807446,0.0057651087368793,0.00558472788483488,0.00211411610811219
"467",0.0638866536713394,-0.00224520460878708,0.00413686057664897,0.00657358301020849,0.0119137473352415
"468",-0.00194634826358708,-0.0125707431746669,-0.00185623138646207,0.00439596710198131,0.0171738098504672
"469",0.00383010534510575,0.0191719232806236,0.00050073039603582,0.000107319152357732,0.0148505672961976
"470",-0.0262179863206065,-0.00279418477752458,0.0010329255503958,-0.00640650958382949,0.00352683155414013
"471",-0.000664338152407851,-0.00641133960725426,-0.0150503584035437,-0.000378142009603621,-0.016409869117175
"472",0.0297208718690829,0.0124251565338973,-9.82768342492335e-05,0.00932311925589957,-0.0139908165662757
"473",0.00183586630212673,-0.0132169024396411,0.0158098185751587,0.0043408797962412,0.0273011812286503
"474",-0.0235737047615832,-0.00715220006310346,-0.00457264718968986,-0.00204184239013472,0.00108917865460256
"475",0.0100779051468241,-0.0361192759172297,-0.00467492191402918,0.00631095903716261,0.00186747914659691
"476",-0.0302785738925273,-0.0270474596291326,-0.00897261160670482,-0.0134097782876834,0.0143620547098031
"477",-0.0197227185551796,-0.00111039566852789,0.0114913613239747,0.0104527978523494,-0.000810301149817505
"478",0.00863278969335113,0.0021915960230654,-0.00401678728472454,-0.0120480740050803,-0.0139206855124385
"479",0.0360340991474892,0.00454081259684891,0.0109389892744751,0.00278270289483462,-0.00782931899897932
"480",-0.00254833003382871,-0.00445890781663572,-0.000693265213788763,-0.00274354620660056,0.0162820392603678
"481",0.0359646070026862,0.0112160651237225,0.00679927136189562,0.00961575414016114,-0.00340433168443965
"482",0.0218359254076947,0.0280073740085527,0.0191195247467544,0.00999006968459071,0.014118440975766
"483",-0.0140016118277284,0.0318317602987577,0.000345725333424696,0.000172912227568212,0.00511437836216011
"484",0.0154680807212682,-0.00373360607336615,-0.00335203095577796,-0.000984769658889384,-0.00137817811542362
"485",-0.0062946628000482,-0.0345451240540005,0.00152791491672666,0.00651972589130345,-0.0145482455162327
"486",0.0153092930359193,0.0361114480141644,0.008135527146651,0.00307973793245608,0.00301591992643147
"487",-0.00147194481630741,0.00190045529034855,0.000764671980583387,0.000761254803917311,-0.0233540994403434
"488",-0.0135727029372603,0.0386341503659686,-0.0157069908334808,-0.00515970417401146,-0.00449912760990223
"489",-0.0199682114286066,-0.00760829929822648,-0.00787512136276014,-0.00181368959093486,-0.00425678250034345
"490",0.0232703815944024,-0.0049448276086661,0.0037623552893109,0.00187100012200236,0.00610013763238015
"491",0.0259402241182762,-0.00362484450180922,0.00561708535944305,0.00164799402984794,-0.00372706139862622
"492",-0.00305175344852593,-0.0367828897994595,0.0003954976659859,-0.00927363570178574,-0.00273993417603702
"493",-0.0489393136036309,-0.0341372034291929,-0.0316057999601274,-0.00903485075705124,-0.011040208703978
"494",-0.0141763483286503,0.00676371637478823,-0.00178103719315637,0.000753212905197032,-0.0282455368558638
"495",0.040001104632708,0.0213031966278781,0.00682892113145783,0.0124063656357682,0.000168773864481331
"496",-0.00580149971309929,0.000833951106148589,0.000941587982449477,-0.00960752304999168,0.00156837301343149
"497",0.00899963623386313,0.00405293927412131,-0.00950544857847113,-0.000169479502623915,-0.000414267196222617
"498",-0.0273614098591963,-0.0141647355430088,0.00560332184842061,-0.00851443412914499,-0.00309137413956417
"499",-1.93037149998077e-05,0.00329633745926294,0.00209926961818674,0.00974897650846707,0.0083668313153451
"500",-0.0187842860700691,0.0112564525476611,0.00266249644102601,-0.00945586346870986,-0.00252100259488941
"501",-0.00546347055800034,-0.000487203696399874,-0.000324317325155477,0.000205157713103254,-0.0128010591511805
"502",-0.00852083212891586,0.000118391715890453,-0.0183977799018127,-0.00371359461058862,-0.000216553093933314
"503",-0.00821187117490574,0.00537337204877986,0.0168558345868188,0.00600145907833483,0.00659648033516902
"504",-0.00793518746880295,-0.00489654623466684,-0.00323768103961619,-0.00208763642351162,0.00640739540927804
"505",0.000304028378323551,-0.00940121850158704,0.0134190938528231,0.0135886377601899,-0.00775919067136499
"506",0.00279273262015955,0.0155517320937459,0.00698599210799422,0.00695052942600416,-0.00233470659792001
"507",-0.00876860308074079,0.00461359433360009,0.00126058613670565,0.00406722911294644,0.00211491228201321
"508",-0.0118742615207008,0.0234905277546478,-0.00639920294155694,-0.00100576889609361,0.0333163268029928
"509",0.0110992574029414,-0.0163352092929454,-0.00626273371508645,0.00113439867634746,-0.00106615580786951
"510",0.0176748787282577,-0.0234616878119684,-0.0010179445839622,0.00282069633785742,0.00401489658537102
"511",0.0145665521104235,0.0047992993744117,0.00387247153939718,-0.00291606225870034,0.0045883727965137
"512",-0.00370110564889714,-0.00374455218344316,0.0102219593891864,0.00488532837819022,-0.00156109580088337
"513",0.00110979004652556,0.00573861427398192,0.00176782757904981,0.00128861576982153,0.000663364463331817
"514",0.0223478458378885,0.00928013507652281,0.00270141591265372,0.00330410179470153,-0.00303110484254354
"515",-0.0388636133114204,-0.0494309312845935,-0.0415562162286545,-0.0190850665138882,-0.0326710080112589
"516",-0.0206092189905984,-0.0100495724444212,-0.0203039936540783,-0.00180050544053856,0.00321321942218411
"517",0.00547340009158326,0.00381264066747633,0.00728324720412665,-0.0018424088906448,0.0157161067835876
"518",0.0101092117651742,-0.0309678869842021,-0.00273548797644629,0.00312809299825645,-0.00499757946146495
"519",0.0024659928006141,0.0106672132030816,0.0117947335169166,-0.00326328388848651,0.00426824257849034
"520",0.015922149250212,0.0231684757921098,0.029924262157019,0.00579138263509016,0.00128304732920181
"521",0.0100626547189897,0.0126850483276346,0.00363620786178842,0.00270839043964965,-0.0035548240514478
"522",-0.0135059581160917,-0.00641486083783427,0.00554143800003892,-0.00165292891443247,0.00933320720058539
"523",0.0276080297426962,0.0106879118846326,0.012207163278088,0.0132755669843192,-0.00468825853471522
"524",-0.0286253745606952,-0.0825293282371771,-0.0319660293310342,-0.0365807927237238,-0.0131127740802537
"525",-0.0172926574646883,0.0236082291319946,-0.0258245992433697,-0.0182622464547508,0.0144061875440231
"526",0.0153348495834571,0.000909475840900953,0.0261014447772325,0.0176141217235806,0.00580347711123075
"527",4.89919408366291e-05,0.0157782922911007,0.0351542452503875,0.0168892431093681,0.00651358792562018
"528",0.0298939545619845,0.000583753217563654,0.0224193507554258,0.0134738627220994,-0.000677009637738202
"529",0.0136085369206906,0.00681806883708269,0.0112368466183916,0.0019467064123031,0.000979214283989727
"530",-0.00751384750583739,-0.000838891951726595,-0.00493781540395943,-0.00687102882157387,0.0248935760164208
"531",0.00115669352810066,-0.0187029965233947,-0.0125760445994967,0.00533868675273919,0.00361901910798323
"532",0.00217481344802373,-0.00670361196070246,0.0108022204662976,-0.000871957827344616,-0.000147516657140301
"533",0.0214166198477805,-0.0111417754324332,0.00865573253643603,0.0151381865684543,-0.00957649713290643
"534",0.0152942729689158,0.0390654380040782,0.0139076041323527,0.0034028194222131,0.00228079171966833
"535",0.0054705540437272,0.0243267155916094,-0.000329208746730814,0.0069848425545489,0.0180221376501706
"536",0.00628366666005142,0.00840039360933176,-0.00154298821351873,0.000134758645918609,0.00370138927454988
"537",0.0160433677541949,0.0094711701094905,-0.00238649590814788,0.00524542263473382,-0.00218192028260233
"538",0.00174681970241686,0.00680940864953072,0.00220662439858188,-0.000929379168290723,9.09684740602046e-05
"539",0.0199514972430332,0.0135735417125638,0.00421943480517584,0.000943257292671085,-0.00581131387085421
"540",-0.00211871967388788,-0.00247984982957128,0.00470716745794952,0.00426120866867929,-0.00286849933765865
"541",0.00111288752774996,0.00766333879456305,-0.00433395792086522,-0.00361907001450579,0.00366220872444778
"542",0.00635325034144785,-0.010944160693791,0.00455684881669427,0.00454362659528584,-0.00865632392552484
"543",-0.00226564312063715,-0.000418734155882561,-0.00303556649496528,-0.00301601881960245,0.000999217519238371
"544",-0.00158372666311379,-0.0143775257425265,0.00206934693932403,0.000322732542556992,0.0113216407301096
"545",0.0012320040982452,0.0170532733913582,0.00391853232390993,-0.00119926117017588,-0.0192542870386472
"546",-0.00327695853499144,-0.0113441804113297,-0.00434990167390836,0.00160492069299334,0.000776428367400328
"547",0.011248199313334,0.00559399776821223,0.000490841406604048,0.00162998008859905,-0.00501666085272046
"548",-0.00967885238605959,0.00400542151370331,-0.00453108481383957,-0.00127059425525555,-0.0087495275509637
"549",-0.0105210060260088,-0.0147953582586702,-0.0072867315468379,-0.00638194100068201,0.00604054414554778
"550",0.0161608617947735,-0.0189901350631683,-0.00165665185893538,0.00312904282481785,0.00241418566157225
"551",0.0090171621956241,0.0106240902803467,0.0158214076219974,0.000212549328373335,0.00133036831915234
"552",0.00116263949585083,-2.70353075180196e-05,0.00787664567688218,0.00856669720348435,-0.00192309595226448
"553",-0.000451013052328975,0.0240777389477902,0.00229369454765838,-0.000907577012204008,0.00922299761033507
"554",0.00093649203889079,0.00684716353533688,0.00617841959823906,0.000389717685688851,0.007099186383968
"555",-0.0134197408702157,-0.00178217837884453,0.00220155032133462,-0.0028687970637975,-0.00229461520190632
"556",0.02392101422903,0.0109821674571737,0.00719763067156975,0.00392705190196008,0.0105187081078189
"557",0.0144411760040519,-0.00298077428752919,0.00363713050629322,0.00278901605887327,0.024136450387525
"558",-0.00493217159029058,-0.0163184285822506,-0.00683774992031871,-0.00549414221734246,-0.0048620447259129
"559",0.00793715401527351,0.00894554506523093,-0.00504610311647191,0.00186684630001555,-0.000155051005849671
"560",-0.00266689330146974,-0.0156258349869027,0.00142768994119891,0.00219720177467231,-0.0017512743076189
"561",-0.00113304878312093,0.00362139216752233,-0.00145687671456152,-0.00144130986895785,0.00128393394760451
"562",-0.0225540018801489,0.00316009945447604,-0.00445662838084182,-0.000563481604179294,-0.00752384266856687
"563",0.00412777677828124,-0.00609328961350464,0.00584071164678157,0.00194986682788922,0.00158753431313485
"564",-0.00521869542256503,0.00603974800323925,-0.00477226235942396,-0.00525405528922995,-0.00123912857111286
"565",6.93000693274826e-05,-0.00249457181083912,-0.00276867073601039,-0.00136616007324886,-0.00570368299903912
"566",-0.000103951905011002,-0.0118627803947611,0.00310512091306592,-0.00158006440418124,0.000645087724446824
"567",0.0147735529588502,0.0220433670558222,-0.00253319116096762,0.00325883696420437,0.00142162103409937
"568",-0.0115733288068878,0.00964171144646464,-0.00577842201915502,-0.00237869109857058,0.00351093546889203
"569",0.00576906462410776,0.00233271353229014,-0.0052485797811741,-4.13855045771072e-05,-0.00721641493571568
"570",0.0234202742080978,-6.85414271401896e-05,0.0217887740840705,0.00419224157834552,0.00132028903235692
"571",0.00856825986038245,0.00919215728608158,-0.00998499612150994,0.00297724237064489,0.00758710805497387
"572",0.00171151826826055,-0.00723905777994105,0.00476443323541886,-0.00237188383758369,0.00169435732028944
"573",-0.0377607620014011,0.000412105355220405,-0.0119834216834622,-0.0248277422987071,-0.00553836255675044
"574",0.0100527496436911,-0.017411340197917,-0.0112926950449932,0.0145703870135625,-0.0186464982812247
"575",-0.0305897844821192,0.00336023362209481,-0.00528184432211454,-0.0149417480288845,0.000507141614029649
"576",0.00417984451194364,-0.00688590240967635,0.00115447419370085,-0.000587849399683371,-0.00685686647650385
"577",0.0117950755500367,-0.00737563903448901,0.0233273075032088,0.00655957879330238,0.00668817081558082
"578",0.0113322490600947,0.0189477700682392,0.000585411577741723,0.0108580001374223,0.000950267175458208
"579",0.00517547337257618,-0.00319410241537454,0.0108556090843077,0.000725458856932981,0.00264761786699452
"580",-0.0110150063172423,-0.0125808212964138,-0.0133166154301154,-0.00862484977007139,-0.0177800382455136
"581",0.00563401126140484,0.00838858198230596,-0.00151182057646437,0.0064234951715072,0.00593524671236345
"582",0.016545587997074,-0.01318472893246,0.00610668974985096,0.00528257635090856,-0.00344609671428309
"583",-0.0170767145975841,0.0137708248994226,0.010168003615977,-0.00936512755656693,0.0035497515014189
"584",0.00027416508336664,-0.0147163170817954,-0.0029091175872864,0.00793639271705082,0.00207222412976016
"585",0.0444837932607065,0.0343530005164059,0.024567827473442,-0.0146530101416973,0.0199504439068399
"586",0.00158832857750468,-0.0148243514814155,-0.0132683788660639,-0.00195814390586158,-0.00127446091180339
"587",0.0105464577948435,0.00488418585364592,0.00513175773992458,0.0002015838587619,0.000804268666216856
"588",0.0149284084878474,0.00259209572591246,-0.0094548449617804,-0.00304261789207683,-0.00741794011143249
"589",0.017173369132113,0.00374975333004635,0.00752815836404785,0.00614150576635897,0.0139459233293948
"590",-0.00433662925878231,0.00207880882753386,0.0031093740641488,0.00218957196554292,0.00027364226145643
"591",0.0052142347061146,0.0138219765160965,0.000711804606922328,-0.00137667105115646,-8.46096651372363e-05
"592",0.00422053680131995,-0.00295816759118672,-0.000911186765870653,-8.41452423143707e-05,0.00209959306572216
"593",-0.000749016950317483,0.00289549961848046,-0.00486905248242664,0.00473859464040594,0.0119972573719025
"594",-0.00303300578020327,0.00756254055823646,0.00445590511618832,-0.00380495745763731,0.00117948425409864
"595",-0.000626507554246203,0.00153003863727719,-0.00851483054957924,-0.00174192770217552,-0.00500203517437647
"596",0.00662109292876778,-0.00319163513678689,0.00408758012458321,-0.00299119610328713,-0.00127215587050777
"597",0.00090231652538364,0.00632441962687835,0.00138736723041966,-0.00311314016176034,-0.0025995098290359
"598",0.00954871724809792,-0.00122682854549439,-0.00603558837338625,-0.000122283994439698,-0.0012177993255662
"599",-0.0249367702342376,0.000996968601606696,-0.00534920082203172,-0.00681001880647347,0.00705268742832921
"600",-0.0276665848346482,-0.0312733513179531,-0.0328896238866019,-0.0126476177159933,0.000922206827462801
"601",0.0390658509803039,0.0159528652213492,0.0168297922715119,0.0219801997770315,0.00256161233097174
"602",0.0016535375423441,-0.000339465448245591,0.00530407045696535,0.00376487836711892,0.00463443562125754
"603",-0.0141271891797068,-0.0550564185286575,0.00998920802711467,0.011016119798124,-0.00621959286685758
"604",-0.0330580725687994,0.065083160241258,-0.0121982627531221,0.0019488453914871,0.0136237773303076
"605",-0.0335122941639696,0.00174941472674561,-0.0143972422385268,-0.00139892821094012,0.00777786094673516
"606",0.007960257784136,0.0169962496423448,0.0033819328024336,-0.000115509457192964,0.00447275825808902
"607",0.0183037265217187,0.0106708600319489,-0.000518407153618838,0.00586943839251575,-0.00165669702250959
"608",-0.0164113565597894,2.35085715623029e-05,0.00664483687444317,0.00466546946208357,0.0010590133768531
"609",0.00320716541232891,0.00584870101745771,-0.00278551302027275,-0.00238965143736536,-0.00487305182713094
"610",0.0183097189865506,0.00768488349180885,0.00032466098820727,0.00743370239190799,0.00789022236914327
"611",0.014371426955833,0.00313877036074217,0.0061334380268363,0.0021630907556931,0.00934178354791371
"612",-0.00639610966662829,0.0119463052418869,0.00308914414247319,0.00471444411005262,0.00417368708321142
"613",0.0208344218425474,-0.00132451411769097,-0.00605557528729328,-0.00526838927520501,0.00460687612160982
"614",-0.0301697596597581,-0.00271938120886972,-0.00405261579598815,0.00133440216881286,0.00180614090816
"615",0.0149563788191713,7.87321889319514e-05,0.00174092390710889,-0.00265693032078662,-0.0100690724915538
"616",-0.0395231528356721,0.0111152572984761,-0.00456536044059597,-0.00352172320857225,0.00713598677989857
"617",0.013503455813014,-0.0047125667540282,-0.0032928486308279,0.000396927698722571,-0.00904268132290831
"618",-0.00805677361418411,-0.00823358568450061,0.00238911039255818,0.00580442703350403,-0.0121374579642932
"619",0.020774812653972,0.0046702743022049,0.00487928473109811,0.0034050842286355,-0.00158080284360373
"620",0.00532237464805441,0.00738802209463074,0.0178926553856993,0.0130773591099809,0.00703689009052688
"621",-0.0120731086168284,0.0144267487828298,0.00425045130617363,0.00215701468264218,-0.00213619055739223
"622",-0.00290481974874979,0.0122293468049328,0.00325514071625577,0.0059214185824441,0.00543314410639084
"623",-0.0220931445970578,0.00831744476799834,-0.00921669736821862,-0.00113808213151945,-0.0250294698497822
"624",0.0017221007126107,0.00497274116286484,0.0112852335579987,0.00651848330422755,0.0006554013170188
"625",-0.0181973308902865,0.000160494476519446,-0.0027877847297475,-0.0081502957242936,-0.00460836207541249
"626",0.0031558752866534,0.00104754967438581,0.00714070860901117,0.00387570768806267,-0.00730372194884943
"627",-0.000119878409186924,0.00658626967286402,0.00179865263569035,-0.00175215677888918,0.00170011959704475
"628",-0.0221307733367855,-0.000492400265150295,0.000798371518660801,0.00197317274314912,-0.00156927464080603
"629",0.0082306426591412,0.00529391499094345,0.0038118847722064,0.00363091263558069,-0.00488960289357365
"630",0.0011108219488154,-0.00257012622036257,-0.000369190516083862,-0.00246038566923978,0.0110745558507084
"631",-0.00682323233441551,-0.000865416842536604,0.00316202103171292,-0.00186471135340494,0.000678087346669187
"632",0.0431896374362033,-0.0013365764153761,0.00598456275588788,-0.00489485924222954,-0.0119588902388426
"633",0.00741614444836181,-0.0133128275890204,0.00199624807573429,-0.00029334768322542,-0.00198090744707535
